Nama,URL,Kategori,Destinasi,Durasi,Harga,Itinerari,Harga Termasuk,Harga Tidak Termasuk
Trekking Curug Cikawah,https://www.tripsantai.com/tour/trekking-curug-cikawah,Trekking,Bogor,1 Hari,"2-4 Pax Rp 250.000 / pax
5-9 Pax Rp 225.000 / pax
10-19 Pax Rp 210.000 / pax","06.30-07.00 : Meeting point Kopi Tubing Bogor
07.00-08.00 : Perjalanan Kopi Tubing - Area Start Trekking
08.00-08.30 : Persiapan & briefing ulang kegiatan
08.30-11.30 : Trekking Curug Cikawah
11.30-13.30 : Menikmati suasana Curug Cikawah sembari menikmati snack
13.30-15.00 : Perjalanan kembali menuju area start trekking
15.00-16.00 : Perjalanan menuju Kopi Tubing
16.00- : Trip usai
NOTE : transportasi maksimal adalah Avanza/Xenia untuk menuju titik start trekking","

Pemandu Wisata
Trekking Pole by request
Tiket masuk wisata
Perizinan
Air mineral 600ml (min 4 Pax)
Snack 1x (min 4 pax)
Jas hujan sekali pakai (jika diperlukan)
P3K Standar

Harga Tidak Termasuk

Transportasi Rumah - Meeting Point Kopi Tubing
Transportasi Angkot Kopi Tubing - Titik Start
Makan siang
Tipping guide
Pengeluaran pribadi

NOTE : transportasi maksimal adalah Avanza/Xenia untuk menuju titik start trekking
","

Transportasi Rumah - Meeting Point Kopi Tubing
Transportasi Angkot Kopi Tubing - Titik Start
Makan siang
Tipping guide
Pengeluaran pribadi

NOTE : transportasi maksimal adalah Avanza/Xenia untuk menuju titik start trekking
"
Trekking Ciburial 1D,https://www.tripsantai.com/tour/trekking-ciburial-1d,Trekking,Sentul,1 Hari,"2-4 Pax Rp 195.000 / pax
5-9 Pax Rp 185.000 / pax
10-19 Pax Rp 175.000 / pax","06.30-07.00 : Meeting point jungleland
07.00-08.00 : Perjalanan Jungleland - parkiran trekking
08.00-08.30 : Persiapan & briefing ulang kegiatan
08.30-09.30 : Trekking Curug Ciburial
09.30-10.00 : Menikmati suasana Curug Ciburial
10.00-10.30 : Trekking Curug Kembar
10.30-11.00 : Menikmati suasana Curug Kembar
11.00-11.30 : Trekking Curug Hordeng
11.30-13.00 : Menikmati suasana di Curug Hordeng & menyantap snack
13.00-14.00 : Persiapan kembali ke titik awal trekking
14.00-15.00 : Perjalanan menuju Jungleland
15.00- : Trip usai
NOTE : transportasi maksimal adalah Hiace/ELf untuk menuju titik start trekking","

Pemandu Wisata
Trekking Pole by request
Tiket masuk wisata
Perizinan
Air mineral 600ml (min 4 Pax)
Snack 1x (min 4 pax)
Jas hujan sekali pakai (jika diperlukan)
Dokumentasi standar
P3K Standar

Harga Tidak Termasuk

Transportasi Rumah - Meeting Point Jungleland
Transportasi Pick up Jungleland - Titik Start
Makan siang
Tipping guide
Pengeluaran pribadi

NOTE : transportasi maksimal adalah Hiace/ELf untuk menuju titik start trekking
","

Transportasi Rumah - Meeting Point Jungleland
Transportasi Pick up Jungleland - Titik Start
Makan siang
Tipping guide
Pengeluaran pribadi

NOTE : transportasi maksimal adalah Hiace/ELf untuk menuju titik start trekking
"
Hiking Gunung Batur 1D,https://www.tripsantai.com/tour/hiking-gunung-batur-1d,Trekking,Bali,1 Hari,Rp 400.000 / pax,Hotel Ubud,"

Local guide
Tiket masuk pendakian
Senter
Simple sarapan pagi
Peralatan pendakian
Tiket masuk obyek wisata kintamani

Harga Tidak Termasuk

Pengeluaran pribadi
Tambahan biaya transportasi dari hotel diluar ubud
Tipping guide

","

Pengeluaran pribadi
Tambahan biaya transportasi dari hotel diluar ubud
Tipping guide

"
Private Bali Hemat 4D,https://www.tripsantai.com/tour/private-bali-hemat-4d,Bali,Bali,4 Hari,"Min 45 Pax Rp 1.200.000 / pax
Min 25 Pax Rp 1.295.000 / pax
Min 10 Pax Rp 1.590.000 / pax
Min 5 Pax Rp 1.630.000 / pax","Bandara Ngurah Rai (jam menyesuaikan dari kedatangan dan kepulangan klien)
Hari Pertama
07:45 - 08:00: Bertemu dengan guide kami di Bandara Ngurah Rai
08:00 - 08:30: Berkunjung ke Tanjung Benoa
08:30 - 10:00: Bermain watersport di Tanjung Benoa (pengeluaran pribadi)
10:00 - 10:30: Perjalanan ke Waterblow Nusa Dua
10:30 - 11:30: Menikmati pemandangan di Waterblow Nusa Dua
11:30 - 12:30: Makan siang di RM Lokal
12:30 - 13:00: Perjalanan ke Pantai Pandawa
13:00 - 15:00: Bersantai di Pantai Pandawa
15:00 - 15:30: Perjalanan ke Pura Uluwatu
15:30 - 18:00: Mengunjungi Pura Uluwatu dan menikmati matahari terbenam
Hari Kedua
07:00 - 08:00: Sarapan
08:00 - 10:00: Perjalanan ke Danau Beratan
10:00 - 12:00: Menikmati pemandangan di Danau Beratan
12:00 - 12:30: Perjalanan ke Pura Ulundanu
12:30 - 14:30: Mengunjungi Pura Ulundanu
14:30 - 16:00: Perjalanan ke Tanah Lot
16:00 - 18:00: Menikmati pemandangan di Tanah Lot dan melihat matahari terbenam
Hari Ketiga
07:00 - 08:00: Sarapan
08:00 - 10:00: Perjalanan ke Kintamani
10:00 - 12:00: Menikmati pemandangan di Kintamani
12:00 - 13:00: Makan siang dengan pemandangan Batur
13:00 - 13:30: Perjalanan ke Desa Wisata Penglipuran
13:30 - 15:30: Berkeliling Desa Wisata Penglipuran
15:30 - 16:30: Perjalanan ke Pantai Kuta
16:30 - 18:00: Bersantai di Pantai Kuta dan menikmati matahari terbenam
Hari Keempat
07:00 - 08:00: Sarapan
08:00 - 11:00: Berbelanja oleh-oleh di Khrisna
11:00 - 11:30: Menuju Bandara untuk kepulangan","

Transport Standar Pariwisata (AC/TV/Karaoke)

(Avanza/Hiace/Medium Bus/Big Bus)


Pop Hotel Kuta Beach/setaraf
Makan 9x
Air mineral 600ml/orang/hari
Tiket Masuk Objek Wisata
Profesional Lokal Guide Berlisensi BNSP
Free Parkir
PPPK

EXCLUDE

Tiket pesawat dari dan ke Bali
Upgrade Room (Single Supplement)
Upgrade Hotel
Keperluan Pribadi
Biaya Belanja
Tipping Crew
Hal lain yang belum disebutkan di Fasilitas

","

Tiket pesawat dari dan ke Bali
Upgrade Room (Single Supplement)
Upgrade Hotel
Keperluan Pribadi
Biaya Belanja
Tipping Crew
Hal lain yang belum disebutkan di Fasilitas

"
Private Lombok Gili Hemat 3D,https://www.tripsantai.com/tour/private-lombok-gili-hemat-3d,Lombok,Lombok,3 Hari,"Min 45 Pax Rp 1.080.000 / pax
Min 28 Pax Rp 1.060.000 / pax
Min 25 Pax Rp 1.090.000 / pax
Min 10 Pax Rp 1.310.000 / pax","Bandar Udara Lombok (jam menyesuaikan kedatangan tamu)
Hari Pertama
08:00: Tiba di lombok dan bertemu guide kami
08:00 - 09:00: Perjalanan menuju Desa Sade
09:00 - 10:30: Mengunjungi Desa Sade untuk wisata budaya
10:30 - 11:30: Perjalanan menuju restoran lokal di sekitar Kuta untuk makan siang
11:30 - 13:30: Makan siang dan istirahat di restoran lokal
13:30 - 14:30: Perjalanan menuju Tanjung Aan
14:30 - 16:30: Menikmati pasir merica dan lembut di Tanjung Aan
16:30 - 17:30: Perjalanan menuju Pantai dan Bukit Seger
17:30 - 18:30: Menikmati pemandangan di Pantai dan Bukit Seger
18.30 - 19.30 : Makan malam di RM Lokal
19:30: menuju hotel Anda untuk beristirahat
Hari Kedua
07:00 - 08:00: Sarapan di akomodasi Anda
08:00 - 08:30: Perjalanan menuju Pelabuhan Bangsal
08:30 - 09:00: Naik PUBLIC Boat menuju Gili Trawangan
09:00 - 10:30: Menikmati waktu bebas di Gili Trawangan
10:30 - 11:30: Makan siang di restoran lokal di Gili Trawangan
11:30 - 14:30: Acara bebas di Gili Trawangan, seperti berenang, snorkeling, atau bersepeda
14:30 - 14:45: Perjalanan menuju Dermaga Trawangan
14:45 - 15:30: Naik PUBLIC Boat kembali ke Pelabuhan Bangsal
15:30 - 16:30: Perjalanan menuju Bukit Malimbu
16:30 - 17:00: Menikmati pemandangan di Bukit Malimbu
17:00 - 17:30: Perjalanan menuju Vila Hantu
17:30 - 18:00: Menikmati pemandangan dari Vila Hantu
18.00 - 19.00 : Makan malam di RM Lokal
19:00: Kembali ke akomodasi Anda untuk beristirahat
Hari Ketiga
07:00 - 08:00: Sarapan di akomodasi Anda
08:00 - 11:00: Waktu luang untuk berbelanja oleh-oleh di Lombok
11:00 - 12:00: Pengantaran menuju Bandara","

Transport Standar Pariwisata (AC/TV/Karaoke)
(Avanza/Hiace/Medium Bus/Big Bus)
Puri Saron Senggigi/setaraf
Makan 6x
Air mineral 600ml/orang/hari
Tiket Masuk Objek Wisata
Profesional Lokal Guide Berlisensi BNSP
Free Parkir
PPPK

EXCLUDE

Upgrade Room (Single Supplement)
Upgrade Hotel
Keperluan Pribadi
Biaya Belanja
Tipping Crew
Hal lain yang belum disebutkan di Fasilitas

","

Upgrade Room (Single Supplement)
Upgrade Hotel
Keperluan Pribadi
Biaya Belanja
Tipping Crew
Hal lain yang belum disebutkan di Fasilitas

"
Private Bali Penida Hemat 3D,https://www.tripsantai.com/tour/private-bali-nusa-penida-hemat-3d,Bali,Bali,3 Hari,"Min 45 Pax Rp 1.140.000 / pax
Min 28 Pax Rp 1.150.000 / pax
Min 25 Pax Rp 1.180.000 / pax
Min 10 Pax Rp 1.395.000 / pax
Min 5 Pax Rp 1.425.000 / pax","BANDARA NGURAH RAI BALI (jadwal kedatangan dan kepulangan menyesuaikan flight klien)
Hari Pertama
08:00 : Bertemu dengan guide kami di Bali
09:00 - 11:00: Aktivitas di Tanjung Benoa
11:00 - 11:30: Perjalanan menuju Waterblow Nusa Dua
11:30 - 12:30: Menikmati pemandangan air laut yang terjebak di tebing saat Waterblow
12:30 - 13:30: Makan siang di RM Lokal di sekitar Waterblow Nusa Dua
13:30 - 14:00: Perjalanan menuju Pantai Pandawa
14:00 - 17:00: Berenang atau bersantai di Pantai Pandawa
17:00 - 18:00: Perjalanan menuju Pura Uluwatu
18:00 - 19:30: Menikmati pemandangan matahari terbenam
19:30 - 20:30: Makan malam di RM Lokal di sekitar Pura Uluwatu
20:30: Kembali ke akomodasi Anda untuk beristirahat
Hari Kedua
06:00 - 06:30: Persiapan dan pengambilan breakfast box dari akomodasi Anda
06:30 - 07:00: Perjalanan menuju pelabuhan untuk tur Nusa Penida
07:00 - 07:45: Naik kapal menuju Nusa Penida
07:45 - 08:00: Perjalanan menuju Pantai Kelingking
08:00 - 10:00: Menikmati pemandangan dan berfoto di Pantai Kelingking
10:00 - 10:30: Perjalanan menuju Angel Billabong
10:30 - 11:30: Mengunjungi Angel Billabong dan berenang di aliran sungai yang alami
11:30 - 12:00: Perjalanan menuju Broken Beach (dan makan di RM Lokal)
12:00 - 12:45: Makan siang & pemandangan alam di Broken Beach
12:45 - 13:15: Perjalanan menuju Paluang Cliff
13:15 - 14:15: Menikmati pemandangan dan berfoto di Paluang Cliff
14:15 - 15:00: Perjalanan menuju Crystal Bay
15:00 - 16:30: Berenang atau snorkeling di Crystal Bay
16:30 - 17:30: Perjalanan kembali ke pelabuhan dan naik kapal kembali ke Bali
17:30 - 19:00: Kembali ke akomodasi dan bersantai
19:00 - 20:30: Makan malam di RM Lokal di sekitar akomodasi Anda
20:30: Istirahat untuk memulihkan energi
Hari Ketiga
07:00 - 08:00: Sarapan di akomodasi Anda
08:00 - 09:00: Perjalanan menuju Oleh-oleh Djoger
09:00 - 11:00: Berbelanja oleh-oleh di Djoger
11:00 - 12:00: Perjalanan menuju Oleh-oleh Khrisna
12:00 - 14:00: Berbelanja oleh-oleh di Khrisna
14:00 - 14:30: Perjalanan menuju Oleh-oleh Pia Susu Bali
14:30 - 15:30: Membeli oleh-oleh Pia Susu Bali
15:30 - 16:30: Kembali ke akomodasi atau melakukan aktivitas lain di Bali
16:30 - 17:30: Persiapan untuk check-out
17:30 - 18:00: Perjalanan menuju bandara atau tujuan berikutnya","

Transport Standar Pariwisata (AC/TV/Karaoke)
(Avanza/Hiace/Medium Bus/Big Bus)
Pop Hotel Kuta Beach/setaraf
Makan 6x
Air mineral 600ml/orang/hari
Tiket Masuk Objek Wisata
Profesional Lokal Guide Berlisensi BNSP
Free Parkir
PPPK

EXCLUDE

Upgrade Room (Single Supplement)
Upgrade Hotel
Keperluan Pribadi
Biaya Belanja
Tipping Crew
Hal lain yang belum disebutkan di Fasilitas

","

Upgrade Room (Single Supplement)
Upgrade Hotel
Keperluan Pribadi
Biaya Belanja
Tipping Crew
Hal lain yang belum disebutkan di Fasilitas

"
Private Bali Hemat 3D,https://www.tripsantai.com/tour/private-bali-hemat-3d,Bali,Bali,3 Hari,"Min 45 Pax Rp 850.000 / pax
Min 28 Pax Rp 915.000 / pax
Min 25 Pax Rp 945.000 / pax
Min 10 Pax Rp 1.160.000 / pax
Min 5 Pax Rp 1.195.000 / pax","BANDARA NGURAH RAI BALI (Flight menyesuaikan kedatangan dan kepulangan tamu)
Hari Pertama
08:00 : Bertemu dengan guide kami di Bali
08:00 - 08:30: Perjalanan menuju Tanjung Benoa
08:30 - 11:30: Aktivitas di Tanjung Benoa
11:30 - 12:00: Perjalanan menuju Waterblow Nusa Dua
12:00 - 13:00: Menikmati pemandangan air laut yang terjebak di tebing saat Waterblow
13:00 - 14:00: Makan siang di restoran di sekitar Waterblow Nusa Dua
14:00 - 14:30: Perjalanan menuju Pantai Pandawa
14:30 - 17:30: Berenang atau bersantai di Pantai Pandawa
17:30 - 18:30: Perjalanan menuju Pura Uluwatu
18:30 - 20:00: Menikmati pemandangan matahari terbenam
20:00 - 21:00: Makan malam di restoran di sekitar Pura Uluwatu
21:00: Kembali ke akomodasi Anda untuk beristirahat
Hari Kedua
07:00 - 08:00: Sarapan di akomodasi Anda
08:00 - 10:30: Perjalanan menuju Danau Beratan
10:30 - 12:30: Menjelajahi Danau Beratan dan mengunjungi Pura Ulundanu
12:30 - 13:30: Makan siang di restoran di sekitar Danau Beratan
13:30 - 15:30: Perjalanan menuju Tanah Lot
15:30 - 17:30: Mengunjungi Pura Tanah Lot dan menikmati pemandangan matahari terbenam
17:30 - 18:30: Perjalanan menuju Pantai Kuta
18:30 - 20:30: Berenang atau bersantai di Pantai Kuta
20:30 - 21:30: Makan malam di restoran di sekitar Pantai Kuta
21:30: Kembali ke akomodasi Anda untuk beristirahat
Hari Ketiga
07:00 - 08:00: Sarapan di akomodasi Anda
08:00 - 09:00: Perjalanan menuju Oleh-oleh Khrisna
09:00 - 11:00: Berbelanja oleh-oleh di Oleh-oleh Khrisna
11:00 - 12:00: Perjalanan menuju Djoger Shopping
12:00 - 14:00: Berbelanja oleh-oleh dan suvenir di Djoger Shopping
14:00 - 15:00: Makan siang di restoran di sekitar Djoger Shopping
15:00: Pengantaran menuju Bandara","

Transport Standar Pariwisata (AC/TV/Karaoke)
(Avanza/Hiace/Medium Bus/Big Bus)
Pop Hotel Kuta Beach/setaraf
Makan 6x
Air mineral 600ml/orang/hari
Tiket Masuk Objek Wisata
Profesional Lokal Guide Berlisensi BNSP
Free Parkir
PPPK

EXCLUDE

Upgrade Room (Single Supplement)
Upgrade Hotel
Keperluan Pribadi
Biaya Belanja
Tipping Crew
Hal lain yang belum disebutkan di Fasilitas

","

Upgrade Room (Single Supplement)
Upgrade Hotel
Keperluan Pribadi
Biaya Belanja
Tipping Crew
Hal lain yang belum disebutkan di Fasilitas

"
Private Pulau Pahawang 2D,https://www.tripsantai.com/tour/private-pulau-pahawang-2d,Snorkeling,Lampung,2 Hari,"16-20 Pax Rp 490.000 / pax
10-15 Pax Rp 530.000 / pax
8-9 Pax Rp 615.000 / pax
6-7 Pax Rp 700.000 / pax
4-5 Pax Rp 835.000 / pax
2-3 Pax Rp 1.325.000 / pax","Pelabuhan Ketapang Lampung Pukul 07.30
Hari Pertama
07.00 : Bertemu dengan guide kami di Dermaga Ketapang
07.30 : Sarapan dan persiapan trip (Explore pulau dan snorkeling dengan kapal penjelajah pulau )
08.30 : Tiba di Pulau Kelagian Kecil (foto-foto) dan melanjutkan snorkeling
09.30 : Snorkeling di kawasan Cukuh Bedil dan melanjutkan spot snorkeling ke dua
10.30 : Snorkeling di Taman nemo dan melanjutkan untuk check in penginapan
12.00 : Check in home stay, makan siang, istirahat dan menikmati suasana di kawasan Pulau Pahawang Besar
15.30 : Explore Hunting sunset di Pasir Timbul, Pahawang Kecil
17.00 : Kembali ke penginapan untuk mandi & bersih-bersih
18.00 : Makan malam
19.00 : Menikmati Barbeque ikan bakar dan acara bebas
Hari Kedua
05.00 : Menikmati sunrise dan suasana pagi hari di kawasan Pulau Pahawang Besar
06.00 : Sarapan pagi, lalu persiapan untuk check out dan melanjutkan untuk snorkeling dan jelajah pulau
08.00 : Snorkeling di kawasan transplatansi terumbu karang Gosong Bekri
09.30 : Melanjutkan ke pulau Kelagian Besar untuk berfoto-foto dan bermain banana boat (opsional), lalu melanjutkan ke Dermaga Ketapang
10.30 : Sampai di Dermaga Ketapang untuk mandi,bersih-bersih dan trip selesai
NB: itinerary yang tertulis dapat berubah sewaktu-waktu serta menyesuaikan situasi dan kondisi di lapangan","

Homestay
Makan 4x
Bakar ikan
Kapal penjelajah pulau
Retribusi wisata
Dokumentasi foto
Tour Guide
Tour Leader

EXCLUDE

Transportasi menuju meeting point (APV PP IDR 950,000/pp)
Upgrade villa AC / Upgrade Villa Andreas
Alat snorkeling: Rp 90.000/set
Kebutuhan & obat-obatan pribadi
Tip guide dan crew

","

Transportasi menuju meeting point (APV PP IDR 950,000/pp)
Upgrade villa AC / Upgrade Villa Andreas
Alat snorkeling: Rp 90.000/set
Kebutuhan & obat-obatan pribadi
Tip guide dan crew

"
Private Trip Pulau Harapan 3D,https://www.tripsantai.com/tour/private-trip-pulau-harapan-3d,Snorkeling,Kepulauan Seribu,3 Hari,"50 Pax Rp 510.000 / pax
40 Pax Rp 520.000 / pax
30 Pax Rp 530.000 / pax
15 Pax Rp 540.000 / pax
10 Pax Rp 570.000 / pax
9 Pax Rp 610.000 / pax
8 Pax Rp 640.000 / pax
7 Pax Rp 680.000 / pax
6 Pax Rp 730.000 / pax
5 Pax Rp 760.000 / pax","Pelabuhan Kali Adem-Muara Angke, Jakarta
Pukul 06.00 WIB
Hari Pertama
06.00: Peserta berkumpul di Pelabuhan Kali Adem, Muara Angke
07.00: Perjalanan ke Pulau Harapan
11.00: Tiba di Pulau Harapan, check-in Homestay; istirahat, makan siang, acara bebas
13.00: Snorkeling di Pulau Macan atau Pulau Putri atau Bira, wisata ke Pulau Dolphin, sunset di Pulau Bulat
17.00: Kembali ke Pulau Harapan untuk mandi dan bersih-bersih
19.00: Makan malam dan bakar ikan cara bebas
Hari Kedua
05.30: Menikmati Sunrise di Pulau Harapan
07.00: Mandi & Sarapan
09.00: Explore Taman Mangrove & Penangkaran Penyu
11.00: Makan siang
12.00: Melakukan aktivitas snorkeling di spot lainnya seperti Pulau Gosong atau Pulau Cipir
15.00: Mengunjungi Desa Nelayan dan berinteraksi dengan masyarakat setempat
17.00: Kembali ke Pulau Harapan, mandi dan bersih-bersih
19.00: Makan malam dan acara bebas
Hari Ketiga
07.00: Sarapan pagi
08.00: Acara bebas untuk menikmati suasana di Pulau Harapan
11.00: Persiapan kembali ke Jakarta
12.00: Check out dari Homestay
13.00: Perjalanan kembali ke Pelabuhan Kali Adem, Muara Angke
16.00: Tiba di Pelabuhan Kali Adem, Muara Angke
NB:  Itinerary yang tertulis dapat berubah sewaktu-waktu serta menyesuaikan situasi dan kondisi di lapangan","

Kapal Feri PP Pelabuhan Kaliadem – Pulau Harapan
Asuransi penyebrangan
Homestay AC
Makan 6x
Barbeque
Air mineral
Kapal penjelajah pulau
Alat Snorkeling
Pelampung
Dokumentasi
Tour Guide

EXCLUDE

Tiket Penangkaran Penyu
Kebutuhan dan obat-obatan pribadi
Tip guide dan crew

","

Tiket Penangkaran Penyu
Kebutuhan dan obat-obatan pribadi
Tip guide dan crew

"
Private Pulau Pahawang 3D Jakarta,https://www.tripsantai.com/tour/pulau-pahawang-private-trip-3d1n,Snorkeling,Lampung,3 Hari,"Min 50 Pax Rp 780.000 / pax
Min 45 Pax Rp 825.000 / pax
Min 30 Pax Rp 790.000 / pax
Min 25 Pax Rp 880.000 / pax
Min 13 Pax Rp 1.150.000 / pax
Min 5 Pax Rp 1.400.000 / pax","Meeting point DISESUAIKAN REQUEST KLIEN (AREA JABODETABEK)
Pukul 22.00 WIB
Hari Pertama
22.00 : Peserta berkumpul di meeting point
Hari Kedua
00.00 : Perjalanan menuju Pelabuhan Bakauheni Lampung dengan kapal Feri
03.00 : Perjalan menuju dermaga Ketapang dengan transportasi mobil
06.00 : Sarapan dan persiapan trip (Explore pulau dan snorkeling dengan kapal penjelajah pulau )
08.30 : Tiba di Pulau Kelagian Kecil (foto-foto) dan melanjutkan snorkeling
09.30 : Snorkeling di kawasan Cukuh Bedil dan melanjutkan spot snorkeling ke dua
10.30 : Snorkeling di Taman nemo dan melanjutkan untuk check in penginapan
12.00 : Check in home stay, makan siang, istirahat dan menikmati suasana di kawasan Pulau Pahawang Besar
15.30 : Explore Hunting sunset di Pasir Timbul, Pahawang Kecil
17.00 : Kembali ke penginapan untuk mandi & bersih-bersih
18.00 : Makan malam
19.00 : Menikmati Barbeque ikan bakar dan acara bebas
Hari Ketiga
05.00 : Menikmati sunrise dan suasana pagi hari di kawasan Pulau Pahawang Besar
06.00 : Sarapan pagi, lalu persiapan untuk check out dan melanjutkan untuk snorkeling dan jelajah pulau
08.00 : Snorkeling di kawasan transplatansi terumbu karang Gosong Bekri
09.30 : Melanjutkan ke pulau Kelagian Besar untuk berfoto-foto dan bermain banana boat (opsional), lalu melanjutkan ke Dermaga Ketapang
10.30 : Sampai di Dermaga Ketapang untuk mandi,bersih-bersih dan melanjutkan perjalanan dengan menggunakan mobil
11.30 : Menuju ke tempat makan untuk makan siang (exclude)
13.00 : Menuju oleh-oleh khas Lampung dan melanjutkan ke Pelabuhan Bakauheni
16.00 : Tiba di Pelabuhan Bakauheni dan melanjutkan ke Pelabuhan Merak menggunakan kapal Feri
19.00 : Tiba di Pelabuhan Merak, dan melanjutkan perjalanan menuju Jakarta
23.00 : Tiba di Jakarta dan trip selesai
NB: itinerary yang tertulis dapat berubah sewaktu-waktu serta menyesuaikan situasi dan kondisi di lapangan","

Transportasi AC PP
Kapal Feri PP Merak – Bakauheni
Homestay
Makan 4x
Bakar ikan
Kapal penjelajah pulau
Retribusi wisata
Dokumentasi foto
Tour Guide
Tour Leader

EXCLUDE

Alat snorkeling: Rp 90.000/set
Kebutuhan & obat-obatan pribadi
Tip guide dan crew

","

Alat snorkeling: Rp 90.000/set
Kebutuhan & obat-obatan pribadi
Tip guide dan crew

"
Private Trip Pulau Harapan 2D,https://www.tripsantai.com/tour/private-trip-pulau-harapan-2d,Snorkeling,Kepulauan Seribu,2 Hari,"Min 50 Pax Rp 400.000 / pax
Min 40 Pax Rp 410.000 / pax
Min 30 Pax Rp 425.000 / pax
Min 15 Pax Rp 430.000 / pax
Min 10 Pax Rp 440.000 / pax
Min 9 Pax Rp 470.000 / pax
Min 8 Pax Rp 480.000 / pax
Min 7 Pax Rp 520.000 / pax
Min 6 Pax Rp 530.000 / pax
Min 5 Pax Rp 560.000 / pax","Pelabuhan Kali Adem-Muara Angke, Jakarta
Pukul 06.00 WIB
Hari Pertama
06.00 : Peserta berkumpul di Pelabuhan Kali Adem,Muara Angke
07.00 : Perjalanan ke Pulau Harapan
11.00 : Tiba di Pulau Harapan, chek-in Homestay; istirahat, makan siang, acara bebas
13.00 : Snorkeling di Pulau Macan atau pulau putri atau bira, wisata ke pulau Dolphin, sunset di pulau Bulat
17.00 : Kembali ke Pulau Harapan untuk mandi dan bersih-bersih
19.00 : Makan malam dan bakar ikan cara bebas
Hari Kedua
05.30 : Menikmati Sunrise di Pulau Harapan
07.00 : Mandi, coffee break, packing untuk persiapan kembali ke Jakarta
08.00: Check out homestay
09.00 : Explore Taman Mangrove & Penangkaran Penyu
10.30 : Tiba di dermaga Pulau Harapan
11.30 : Perjalanan ke Pelabuhan Kali Adem, Muara Angke
NB: Jadwal OPEN TRIP tidak terikat; itinerary yang tertulis dapat berubah sewaktu-waktu serta menyesuaikan situasi dan kondisi di lapangan

","

Kapal Feri PP Pelabuhan Kaliadem – Pulau Harapan
Asuransi penyebrangan
Homestay AC
Makan 3x
Barbeque
Air mineral
Kapal penjelajah pulau
Alat Snorkeling
Pelampung
Dokumentasi
Tour Guide

EXCLUDE

Tiket Penangkaran Penyu
Kebutuhan dan obat-obatan pribadi
Tip guide dan crew


","

Tiket Penangkaran Penyu
Kebutuhan dan obat-obatan pribadi
Tip guide dan crew


"
Private Pulau Pramuka Marina 2D,https://www.tripsantai.com/tour/private-pulau-pramuka-marina-2d,Snorkeling,Kepulauan Seribu,2 Hari,"51-100 Pax Rp 780.000 / pax
21-50 Pax Rp 790.000 / pax
10-20 Pax Rp 820.000 / pax
9 Pax Rp 850.000 / pax
8 Pax Rp 855.000 / pax
7 Pax Rp 860.000 / pax
6 Pax Rp 930.000 / pax
5 Pax Rp 950.000 / pax
4 Pax Rp 1.050.000 / pax
3 Pax Rp 1.075.000 / pax","Pelabuhan Marina Ancol Pier 16, Jakarta
Pukul 07.00 WIB","

Speedboat PP Marina Pier – Pulau Pramuka
Asuransi penyebrangan
Homestay AC
Makan 4x
Barbeque
Air mineral
Kapal penjelajah pulau
Alat Snorkeling
Pelampung
Dokumentasi
Tour Guide

EXCLUDE

Tiket masuk ancol
Tiket Taman nasional dan Penangkaran Penyu
Kebutuhan dan obat-obatan pribadi
Tip guide dan crew


","

Tiket masuk ancol
Tiket Taman nasional dan Penangkaran Penyu
Kebutuhan dan obat-obatan pribadi
Tip guide dan crew


"
Private Pulau Pramuka Kaliadem 2D,https://www.tripsantai.com/tour/private-pulau-pramuka-kaliadem-2d,Snorkeling,Kepulauan Seribu,2 Hari,"> 100 Pax Rp 435.000 / pax
51-100 Pax Rp 445.000 / pax
21-50 Pax Rp 455.000 / pax
10-20 Pax Rp 475.000 / pax
9 Pax Rp 505.000 / pax
8 Pax Rp 515.000 / pax
7 Pax Rp 545.000 / pax
6 Pax Rp 585.000 / pax
5 Pax Rp 635.000 / pax
4 Pax Rp 735.000 / pax","Pelabuhan Kali Adem-Muara Angke, Jakarta
Pukul 06.00 WIB","

Kapal Feri PP Pelabuhan Kaliadem – Pulau Pramuka
Asuransi penyebrangan
Homestay AC
Makan 3x
Barbeque
Air mineral
Kapal penjelajah pulau
Alat Snorkeling
Pelampung
Dokumentasi
Tour Guide

EXCLUDE

Tiket Taman nasional dan Penangkaran Penyu
Kebutuhan dan obat-obatan pribadi
Tip guide dan crew


","

Tiket Taman nasional dan Penangkaran Penyu
Kebutuhan dan obat-obatan pribadi
Tip guide dan crew


"
Open Trip Kepulauan Kei,https://www.tripsantai.com/tour/open-trip-kepulauan-kei,Open Trip,Maluku,4 Hari,Rp 2.550.000 / pax,"Bandara Karel Sadsuitubun Langgur – Maluku Tenggara
Pukul 12.00 WIT
Hari Pertama
12.00 : Penjemputan di Bandara Langgur Tual
13.00 : Perjalanan menuju tempat makan siang
13.30 : Makan siang
14.00 : Perjalanan menuju Pantai Ohoider tawun
15.00 : Tiba, explore dan hunting foto di Pantai Ohoider tawun
16.00 : Perjalanan menuju Pantai Metro
16.30 : Tiba di Pantai Metro, explore sunset dan hunting foto di Pantai Metro
18.00 : Perjalanan menuju tempat makan malam
18.30 : Makan Malam
19.30 : Perjalanan menuju hotel
20.00 : Tiba dan check in hotel
20.30 : Acara bebas dan istirahat
Hari Kedua
07.00 : Sarapan dan persiapan trip
08.00 : Perjalanan menuju Dermaga Dullah Darat
08.30 : Perjalanan Pulau Bair
10.00 : Tiba, explore dan hunting foto di Pulai Bair
12.00 : Makan siang
13.30 : Perjalanan menuju Pulau Adranan
14.30 : Tiba, explore dan hunting foto di Pulau Adranan
15.30 : Perjalanan menuju dermaga Dullah Laut
16.30 : Bersih-bersih
17.30 : Perjalanan menuju tempat makan malam
18.00 : Makan Malam
19.00 : Perjalanan menuju hotel
19.30 : Tiba, istirahat dan acara bebas
Hari Ketiga
07.00 : Sarapan dan persiapan trip
08.00 : Perjalanan menuju Dermaga Dian Pulau
09.00 : Perjalanan menuju Pasir timbul Ngurtafur
10.00 : Tiba, explore dan hunting foto di Pantai Ngurtafur
11.30 : Perjalanan kembali menuju Dermaga Dian Pulau
12.00 : Perjalanan menuju Goa Hawang
13.00 : Makan Siang di Goa hawang
14.00 : Tiba, explore dan hunting foto Goa Hawang
15.00 : Bersih–bersih
16.00 : Perjalanan menuju pantai Ngur Sarnadan, Ohoi Lihir
17.00 : Tiba, explore dan hunting sunset di pantai Ngur Sardanan, Ohoi lihir
18.00 : Perjalanan menuju tempat makan malam
19.00 : Makan malam
20.00 : Perjalanan menuju hotel
20.30 : Tiba, istirahat dan acara bebas
Hari Keempat
07.00 : Sarapan dan persiapan check out
09.00: Perjalanan menuju Bandara Langgur
10.00 : Tiba di bandara dan trip selesai
NB: Jadwal OPEN TRIP tidak terikat; itinerary yang tertulis dapat berubah sewaktu-waktu serta menyesuaikan situasi dan kondisi di lapangan","

Transportasi darat AC
Hotel bintang 3 (1 kamar min 2 orang)
Makan 9x
Air mineral
Kapal penjelajah pulau
Tiket wisata
Dokumentasi
P3K
Tour Guide
Tour Leader

EXCLUDE

Kebutuhan dan pengeluaran pribadi
Tip guide dan crew

","

Kebutuhan dan pengeluaran pribadi
Tip guide dan crew

"
Open Trip Labengki & Sombori,https://www.tripsantai.com/tour/open-trip-labengki-sombori,Open Trip,Sulawesi,3 Hari,Rp 1.450.000 / pax,"Bandara Haluoleo Kendari
Pukul 07.00 WITA
Hari Pertama
07.00 : Penjemputan di Bandara haluoleo
08.00 : Perjalanan menuju Dermaga Desa Lepe
09.00 : Check in penginapan dan persiapan trip
10.00 : Perjalanan menuju Labengki Kecil
12.00 : Makan siang
13.00 : Tiba, explore dan hunting foto di Danau Mahumalalang
15.00 : Perjalanan menuju Pantai Pasir Panjang
16.00 : Tiba, explore dan hunting foto di Pantai Pasir Panjang
17.00 : Perjalanan menuju penginapan
17.30 : Tiba di penginapan dan bersih-bersih
19.00 : Makan Malam
20.00 : Istirahat dan acara bebas
Hari Kedua
06.00: Sarapan dan persiapan trip
07.00 : Perjalanan menuju Goa Allo
07.30 : Tiba, explore dan hunting foto di Goa Allo
08.30 : Perjalanan menuju pantai kiri
09.00 : Tiba, explore dan hunting foto di Pantai Kiri
09.30 : Perjalanan menuju Sombori hole, Teluk nenek dan Rumah nenek
10.00 : Tiba, explore, dan hunting foto di Sombori hole, Teluk nenek dan Rumah nenek
11.00 : Perjalanan menuju Goa Berlian
11.30 : Tiba, explore dan hunting foto di Goa Berlian
12.00 : Perjalanan menuju Pulau Mbokita
12.30 : Tiba dan Makan siang di Pulau Mbokita
13.00 : Explore dan hunting foto di Pulau Mbokita
13.30 : Trecking Sambori hills, Pulau Kayangan dan hunting foto
16.30 : Perjalanan kembali menuju penginapan
17.30 : Tiba di penginapan dan bersih-bersih
19.00 : Makan Malam
20.00 : Istirahat dan Acara bebas
Hari Ketiga
06.00 : Sarapan dan persiapan trip
08.00 : Perjalanan menuju Kimboe hills view Raja ampat/ teluk cinta
08.30 : Tiba, explore, dan hunting foto di Kimboe hills Raja Ampat
09.30 : Perjalanan kembali menuju Penginapan
10.00 : Makan siang dan persiapan check out
11.00 : Perjalanan kembali ke Kendari
14.00 : Perjalan menuju tempat oleh-oleh
15.00 : Tiba di tempat oleh-oleh
17.00 : Perjalanan menuju Bandara Kendari
18.00 : Tiba di Bandara dan trip selesai
NB: Jadwal OPEN TRIP tidak terikat; itinerary yang tertulis dapat berubah sewaktu-waktu serta menyesuaikan situasi dan kondisi di lapangan","

Transportasi PP AC
Kapal Penjelajah Pulau
Homestay
Makan 7x
Air Mineral
Alat snorkeling
Pelampung
Tiket wisata
Dokumentasi
Tour Guide
Tour Leader
P3K

EXCLUDE

Kebutuhan & obat-obatan pribadi
Tip guide dan crew
Air bersih di Sombori

","

Kebutuhan & obat-obatan pribadi
Tip guide dan crew
Air bersih di Sombori

"
Open Trip Banyuwangi,https://www.tripsantai.com/tour/open-trip-banyuwangi,Open Trip,Banyuwangi,3 Hari,Rp 1.600.000 / pax,"Meeting point di Stasiun Kota Malang
Pukul 22.00 WIB
Meeting point di Stasiun Pasar Turi
Pukul 23.00 WIB
Hari Pertama
21.30 : Penjemputan di Stasiun Kota Malang
22.00 : Perjalanan menuju Kota Surabaya
23.30 : Penjemputan di Stasiun Pasar Turi
Hari Kedua
00.00 : Berangkkat Menuju Banyuwangi
06.00 : Tiba, explore dan hunting foto di Taman Nasional Baluran, Savana Bekol dan Pantai Bama
08.00 : Perjalanan menuju Grand Watu Dodol, Banyuwangi
09.30 : Tiba di Grand Watu Dodol, Sarapan dan persiapan snorkeling
10.30 : Perjalanan menuju Pulau Menjangan
11.00 : Snorkeling
13.00 : Makan Siang di Pulau Menjangan dan hoping island
14.00 : Explore, hunting foto di Pulau Menjangan dan Patung Ganesha
15.00 : Perjalanan kembali ke Grand Watu Dodol
16.00 : Tiba di Grand Watu Dodol dan bersih – bersih
17.00 : Perjalanan menuju tempat oleh- oleh
18.00 : Tiba di tempat oleh-oleh
19.00 : Perjalanan menuju penginapan
19.30 : Tiba dan check in di penginapan
20.00 : Istirahat dan acara bebas
23.30 : Bangun dan persiapan ke Kawah Ijen dan prepare check out
Hari Ketiga
00.30 : Perjalanan menuju Kawah Ijen
01.30 : Tiba di Paltuding dan beristirahat
03.00 : Perjalanan menuju Kawah Ijen
05.00 : Tiba, explore dan hunting sunrise di Puncak Kawah Ijen
07.00 : Perjalanan kembali ke Paltuding
09.00 : Tiba di Paltuding dan sarapan
10.00 : Perjalanan menuju kota Surabaya
12.00 : Makan Siang
18.00 : Tiba di Stasiun Pasar Turi,Surabaya
20.00 : Tiba di Stasiun Kota Malang dan trip selesai
NB: Jadwal OPEN TRIP tidak terikat; itinerary yang tertulis dapat berubah sewaktu-waktu serta menyesuaikan situasi dan kondisi di lapangan","

Transportasi darat AC
Kapal Wisata Pulau Menjangan
Penginapan AC
Makan 5x
Alat snorkeling
Hot tea
Tiket wisata
Dokumentasi
Tour guide
Tour leader

EXCLUDE

Fin : 25.000/set
Kebutuhan & obat-obatan pribadi
Tip guide dan crew

","

Fin : 25.000/set
Kebutuhan & obat-obatan pribadi
Tip guide dan crew

"
Open Trip Sumba,https://www.tripsantai.com/tour/open-trip-sumba-2,Open Trip,Nusa Tenggara Barat,4 Hari,Rp 3.200.000 / pax,"Bandara Tambolaka, Sumba Barat
Pukul 12.00 WITA
Hari pertama
12.00 : Penjemputan Bandara Tambolaka, Sumba Barat Daya dan perjalanan menuju penginapan
12.30 : Check in hotel,makan siang dan persiapan trip
13.30 : Kampung Adat Ratenggaro, Pantai Ratenggaro, Pantai Mbawana
18.00 : Perjalanan ke penginapan dan makan malam di lokal resto
21.00 : Tiba di penginapan dan istirahat
Hari kedua
07.00 : Sarapan, check out hotel dan persiapan trip
08.00 : Perjalanan menuju Weekuri Lagoon
09.30 : Kegiatan bebas di Weekuri Lagoon
11.00 : Perjalanan menuju Pantai Mandorak
11.30 : Acara bebas dan makan siang di Pantai Mandorak
12.30 : Perjalanan menuju Kampung Adat Prai Ijing
15.00 : Tiba dan explore di Desa Adat Prai Ijing dan Air Terjun Lapopu
17.30 : Perjalanan menuju Sumba Timur
21.00 : Check in Hotel, makan malam dan istirahat
Hari ketiga
07.00 : Sarapan dan persiapan trip
08.00 : Menuju Air Terjun Waimarang
10.00 : Tiba di Air Terjun Waimarang dan makan siang
12.00 : Perjalanan menuju Tanah Rara
14.00 : Acara bebas di Tanah Rara
15.00 : Perjalanan menuju Pantai Walakiri
17.00 : Hunting sunset di Pantai Walakiri dan setelah itu kembali ke penginapan
20.00 : Tiba di penginapan, makan malam dan istirahat
Hari keempat
05.00 : Bangun pagi dan persiapan trip menuju Bukit Warinding
06.00 : Tiba dan acara bebas di Bukit Warinding
07.00 : Perjalanan ke hotel
08.00 : Tiba di hotel, sarapan dan persiapan check out
09.00 : Check out hotel, belanja oleh-oleh dan menuju bandara
10.00 : Tiba dan drop bandara Umbu Mehang Kunda, Sumba Timur dan trip selesai
NB: Jadwal OPEN TRIP tidak terikat; itinerary yang tertulis dapat berubah sewaktu-waktu serta menyesuaikan situasi dan kondisi di lapangan

","

Transportasi AC
Hotel
Makan 9x
Air mineral
Retribusi wisata
Dokumentasi Mirorless
Tour Leader

EXCLUDE

Kebutuhan & obat-obatan pribadi
Tip guide dan crew


","

Kebutuhan & obat-obatan pribadi
Tip guide dan crew


"
Open Trip Labuan Bajo,https://www.tripsantai.com/tour/open-trip-labuan-bajo,Open Trip,Nusa Tenggara Timur,3 Hari,Rp 2.750.000 / pax,"Bandara Komodo & sekitar
Pukul 10.00 WITA
Hari Pertama
10.00 : Penjemputan di Meeting Point (Bandara / Hotel)
11.00 : Start Trip dari Labuan Bajo Menuju Pulau Kelor
11.30 : Trekking Pulau Kelor, berfoto-foto dan kembali ke Kapal
12.30 : Menuju ke Pulau Manjarite
14.30 : Snorkeling di Pulau Manjarite
17.00 : Menikmati sunset di Pulau Kalong
Hari Kedua
05.00 : Pagi hari Kapal menuju Pulau Padar
07.00 : Trekking Pulau Padar
09.30 : Menuju Pantai Pink Beach
10.30 : Setelah Sampai di Pink Beach, bermain di pantai dan Snorkeling
12.00 : Explore pulau Komodo & hunting Komodo
13.30 : Taka Makassar, menikmati pulau dengan pasir putih dan foto-foto
14.00 : Perjalanan di lanjutkan ke Manta Point untuk Snorkeling (Snorkeling with Pari Manta) dan dilanjutkan menuju Siaba
15.30 : Sampai Siaba untuk Snorkeling, perjalanan di lanjutkan menuju Sebayur
17.00 : Sampai Sebayur Trekking , bersantai menikmati Sunset, dan bermalam di Kapal
Hari Ketiga
06.00 : Pagi hari menuju Pulau Kanawa
07.00 : Setalah sampai di Pulau Kanawa menikmati Pulau dengan berkeliling & Snorkling. Setelah puas melanjutkan perjalanan kembali ke Labuan Bajo.
11.30 : Perjalanan menuju Labuan Bajo
12.00 : Tiba di Pelabuhan Labuan Bajo, pengantaran kembali ke Hotel / Bandara
13.00 : Tiba di Hotel / Bandara dan Trip selesai
NB: Jadwal OPEN TRIP tidak terikat; itinerary yang tertulis dapat berubah sewaktu-waktu serta menyesuaikan situasi dan kondisi di lapangan","

Transportasi PP Bandara / Hotel – Pelabuhan
Kapal Sailing kabin AC
Makan 7x
Air mineral
Snack, Kopi & Teh
Alat snorkeling
Pelampung
Dokumentasi Gopro, Mirorless, Drone
Tour Leader

EXCLUDE

Kebutuhan & obat-obatan pribadi
Tip guide dan crew
Upgrade Private Cabin Rp 500.000 (1 kamar 2 orang)
Tiket Wisata

","

Kebutuhan & obat-obatan pribadi
Tip guide dan crew
Upgrade Private Cabin Rp 500.000 (1 kamar 2 orang)
Tiket Wisata

"
Open Trip Lombok 3D,https://www.tripsantai.com/tour/open-trip-lombok-3d,Open Trip,Nusa Tenggara Barat,3 Hari,Rp 1.300.000 / pax,"Bandara Lombok
Pukul 10.30 WITA
Hari Pertama
10.30 : Penjemputan di Bandara Lombok
11.00 : Makan siang
12.30 : Explore Desa tenun Sukarara dan Desa Adat Sade
14.00 : Perjalanan menuju ke Pantai Mawun
14.30 : Tiba di Pantai Mawun, explore dan hunting foto
15.00 : Tiba di Pantai Kuta Mandalika, explore dan hunting foto
16.00 : Perjalanan menuju Bukit Seger/ Sirkuit Internasional Mandalika
16.30 : Tiba di Bukit Seger / Sirkuit Internasional Mandalika
17.00 : Perjalanan menuju Pantai Tanjung Aan
17.30 : Sunset di Pantai Tanjung Aan dan Bukit Merese
18.00 : Makan Malam
19.00 : Check in penginapan
19.30 : Acara bebas dan istirahat
Hari Kedua
06.30 : Sarapan Pagi dan Persiapan check out
07.30 : Perjalanan menuju Pelabuhan Teluk Nare
08.00 : Tiba di Pelabuhan Teluk Nare
08.30 : Perjalanan menuju Bukit Malimbu
09.00 : Tiba di Bukit Malimbu
09.30 : Perjalanan menuju Bukit Setangi
10.00 : Tiba di Bukit Sentangi
10.30 : Perjalanan menuju Gili Trawangan dan persiapan snorkeling
11.00 : Tiba di spot snorkeling 3 Gili Trawangan (Trawangan, Meno, dan Air)
12.00 : Makan siang
13.00 : Perjalanan menuju penginapan
13.30 : Tiba di Penginapan, chek in dan istirahat
17.00 : Perjalanan menuju spot sunset di Gili Trawangan
18.00 : Makan malam
19.00 : Acara bebas dan istirahat
Hari Ketiga
06.30 : Sarapan dam persiapan check out penginapan
08.00 : Perjalanan kembali ke Lombok menggunakan kapal
10.00 : Perjalanan menuju tempat oleh-oleh
12.30 : Pejalanan menuju meeting point
13.00 : Tiba di meeting point dan trip selesai
NB: Jadwal OPEN TRIP tidak terikat; itinerary yang tertulis dapat berubah sewaktu-waktu serta menyesuaikan situasi dan kondisi di lapangan","

Transportasi AC PP
Penginapan AC
Makan 6x
Air mineral
Tiket wisata
Kapal penjelajah pulau
Souvenir Lombok
Dokumentasi
Tour guide

EXCLUDE

Kebutuhan & obat-obatan pribadi
Tip guide dan crew
Alat Snorkeling Rp : 100.000

","

Kebutuhan & obat-obatan pribadi
Tip guide dan crew
Alat Snorkeling Rp : 100.000

"
Open Trip Belitung 3D,https://www.tripsantai.com/tour/open-trip-belitung-3d,Open Trip,Belitung,3 Hari,Rp 900.000 / pax,"Bandar Udara Internasional H.A.S. Hanandjoeddin
Pukul 09.00 WIB
Hari Pertama
09.00 : Penjemputan bandara
10.00 : Menuju penginapan untuk drop barang, lalu explore Kota Manggar dan Pantai Serdang
12.00 : Makan siang (Mie Belitung)
13.00 : Explore Kampung Ahok, Museum Kata, Sd Laskar Pelangi, Rumah Keong, Taman Wisata Mangrove Gusong Bugis, dan wisata oleh – oleh
19.00 : Makan malam (exclude)
20.00 : Check in penginapan
Hari Kedua
06.00 : Sarapan Pagi dan persiapan tur
08.00 : Explore Pantai Tanjung Kelayang, Hopping Island ; Pulau Pasir, Pulau Batu Berlayar.
12.00 : Makan siang di Pulau Lengkuas
13.00 : Explore Pulau Burung, Pulau Kelayang, Sunset di Pantai Tanjung Tinggi.
19.00 : Makan Malam (exclude)
20.00 : Kembali ke penginapan
Hari Ketiga
06.00 : Sarapan Pagi dan persiapan check out
07.30 : Check out dan Explore Tanjung Pendam, Rumah Adat dan Danau Kaolin
10.30 : Menuju Bandara
11.00 : Sampai Bandara dan trip selesai
NB: Jadwal OPEN TRIP tidak terikat; itinerary yang tertulis dapat berubah sewaktu-waktu serta menyesuaikan situasi dan kondisi di lapangan","

Transportasi AC
Hotel non bintang
Makan 4x
Air mineral
Alat snorkeling
Kapal penjelajah pulau
Pelampung
Tiket masuk wisata
Dokumentasi
Tour Guide

EXCLUDE

Museum Kata: Rp50.000/orang
Kebutuhan & obat-obatan pribadi
Tip guide dan crew

","

Museum Kata: Rp50.000/orang
Kebutuhan & obat-obatan pribadi
Tip guide dan crew

"
Open Trip Karimun Jawa,https://www.tripsantai.com/tour/open-trip-karimun-jawa,Open Trip,Jawa Tengah,3 Hari,Rp 780.000 / pax,"Terminal Pulo Gebang, Jakarta
Pukul 16.00 WIB
Pelabuhan Kartini, Jepara
Pukul 05.30 WIB
Hari Pertama
05.30 :Meeting point Pelabuhan Kartini Jepara
07.00 : Menyebrang ke Pulau Karimunjawa
12.00 : Perjalanan menuju Penginapan
12.30 : Makan siang
13.30 : Persiapan Trip dan menuju dermaga Karimunjawa
14.00 : Snorkeling dan menikmati indahnya terumbu karang di spot nemo
15.30 :Menikmati keindahan pantai pasir putih dan batu karang di Tanjung Gelam
16.30 : Kembali ke dermaga Karimunjawa dan menikmati Sunset
17.00 : Kembali ke penginapan
18.00 : Makan malam dan acara bebas
Hari Kedua
06.00 : Sarapan dan persiapan trip
08.30 : Snorkeling di Spot Terumbu Karang Menjangan Kecil
11.00 : Explore Menjangan Kecil Resort
14.00 : Snorkeling di Spot Terumbu Karang Secret Garden
15.00 : Perjalanan menuju Pulau Menjangan Besar
15.30 : Explore Pantai Ujung Gantungan
16.30 : Kembali ke Dermaga kecil Karimunjawa dan Menikmati sunset
18.00 : Makan malam dan acara bebas
Hari Ketiga
06.00 : Sarapan dan Persiapan checkout
08.00 : Menuju Dermaga
09.00 : Penyebrangan Kapal menuju Pelabuhan Jepara
14.00 : Tiba di Pelabuhan Kartini Jepara dan trip selesai
NB: Jadwal OPEN TRIP tidak terikat; itinerary yang tertulis dapat berubah sewaktu-waktu serta menyesuaikan situasi dan kondisi di lapangan","

Tiket Penyebrangan Kapal Feri Siginjai PP
Transportasi darat
Kapal penjelajah pulau
Homestay (1 kamar isi 3 Orang )
Makan 6x
Air mineral
Tiket masuk wisata
Alat snorkeling
Pelampung
Tour Guide
Tour Leader
Dokumentasi
Asuransi

EXCLUDE

Kebutuhan dan obat-obatan pribadi
Tip guide dan crew
Tiket Menjangan Resort Rp 20.000/orang
Transportasi Jakarta- Karimunjawa Rp 600.000/orang

","

Kebutuhan dan obat-obatan pribadi
Tip guide dan crew
Tiket Menjangan Resort Rp 20.000/orang
Transportasi Jakarta- Karimunjawa Rp 600.000/orang

"
Open Trip Pahawang,https://www.tripsantai.com/tour/open-trip-pahawang,Open Trip,Nusa Tenggara Timur,3 Hari,Rp 750.000 / pax,"Meeting point di Plaza Festival, Jakarta
Pukul 19.00 WIB
Hari Pertama
19.00 : Peserta berkumpul di meeting point
Hari Kedua
00.00 : Perjalanan menuju Pelabuhan Bakauheni Lampung dengan kapal Feri
03.00 : Perjalan menuju dermaga Ketapang dengan transportasi mobil
06.00 : Sarapan dan persiapan trip (Explore pulau dan snorkeling dengan kapal penjelajah pulau )
08.30 : Tiba di Pulau Kelagian Kecil (foto-foto) dan melanjutkan snorkeling
09.30 : Snorkeling di kawasan Cukuh Bedil dan melanjutkan spot snorkeling ke dua
10.30 : Snorkeling di Taman nemo dan melanjutkan untuk check in penginapan
12.00 : Check in home stay, makan siang, istirahat dan menikmati suasana di kawasan Pulau Pahawang Besar
15.30 : Explore Hunting sunset di Pasir Timbul, Pahawang Kecil
17.00 : Kembali ke penginapan untuk mandi & bersih-bersih
18.00 : Makan malam
19.00 : Menikmati Barbeque ikan bakar dan acara bebas
Hari Ketiga
05.00 : Menikmati sunrise dan suasana pagi hari di kawasan Pulau Pahawang Besar
06.00 : Sarapan pagi, lalu persiapan untuk check out dan melanjutkan untuk snorkeling dan jelajah pulau
08.00 : Snorkeling di kawasan transplatansi terumbu karang Gosong Bekri
09.30 : Melanjutkan ke pulau Kelagian Besar untuk berfoto-foto dan bermain banana boat (opsional), lalu melanjutkan ke Dermaga Ketapang
10.30 : Sampai di Dermaga Ketapang untuk mandi,bersih-bersih dan melanjutkan perjalanan dengan menggunakan mobil
11.30 : Menuju ke tempat makan untuk makan siang (exclude)
13.00 : Menuju oleh-oleh khas Lampung dan melanjutkan ke Pelabuhan Bakauheni
16.00 : Tiba di Pelabuhan Bakauheni dan melanjutkan ke Pelabuhan Merak menggunakan kapal Feri
19.00 : Tiba di Pelabuhan Merak, dan melanjutkan perjalanan menuju Jakarta
23.00 : Tiba di Jakarta dan trip selesai
NB: Jadwal OPEN TRIP tidak terikat; itinerary yang tertulis dapat berubah sewaktu-waktu serta menyesuaikan situasi dan kondisi di lapangan","

Transportasi AC PP
Kapal Feri PP Merak – Bakauheni
Homestay
Makan 4x
Bakar ikan
Kapal penjelajah pulau
Retribusi wisata
Dokumentasi foto
Tour Guide
Tour Leader

EXCLUDE

Alat snorkeling: Rp 90.000/set
Kebutuhan & obat-obatan pribadi
Tip guide dan crew

","

Alat snorkeling: Rp 90.000/set
Kebutuhan & obat-obatan pribadi
Tip guide dan crew

"
Open Trip Pulau Peucang,https://www.tripsantai.com/tour/open-trip-pulau-peucang,Open Trip,Banten,3 Hari,Rp 750.000 / pax,"Meeting point di Cawang Dewi Sartika (Sebrang Panasonic) , Jakarta
Pukul 20.00 WIB
Hari Pertama
20.00 : Meeting point di Cawang Dewi Sartika, Jakarta
21.00 : Perjalanan menuju dermaga Sumur (istirahat)
Hari Kedua
05.00 : Perjalanan menuju Pulau Peucang dan sarapan
09.00 : Chek In Penginapan dan acara bebas (main di pantai)
11.00 : Menuju Pohon kiara (Treking) Arah Karang Copong
12.00 : Makan siang
14.00 : Snorkeling di spot Ciapus dan Suminoh
16.30 : Sunset di Cidaon / Padang Savana
18.00 : Kembali ke penginapan
20.00 : Makan malam dan acara bebas
Hari Ketiga
05.00 : Sunrise di dermaga
06.00 : Sarapan dan persiapan check out
08.00 : Chek Out menuju Sungai Cigenter untuk Canoing
10.00 : Time to Canoing Cigenter
12.00 : Melanjutkan ke Pulau Badul
12.30 : Makan siang di Pulau Badul
13.00 : Perjalanan menuju Dermaga Sumur
14.00 : Sampai Dermaga, mandi bersih-bersih dan persiapan menuju Jakarta
15.30 : Perjalanan menuju Jakarta dan trip selesai
23.00 : Tiba di Jakarta dan trip selesai
NB: Jadwal OPEN TRIP tidak terikat; itinerary yang tertulis dapat berubah sewaktu-waktu serta menyesuaikan situasi dan kondisi di lapangan","

Transportasi AC
Kapal penjelajah pulau
Penginapan Barak
Makan 5x
Snack
Air mineral
Tiket masuk wisata
Pelampung
Floties
Tour Guide
Tour Leader
Dokumentasi Gopro, Dslr & Drone
Asuransi

EXCLUDE

Kebutuhan dan obat-obatan pribadi
Tip guide dan crew
Canoing Rp 50.000/orang
Alat Snorkling Rp 80.000/set

","

Kebutuhan dan obat-obatan pribadi
Tip guide dan crew
Canoing Rp 50.000/orang
Alat Snorkling Rp 80.000/set

"
Open Trip Gunung Prau 2D,https://www.tripsantai.com/tour/open-trip-gunung-prau-2d,Open Trip,Wonosobo,3 Hari,Rp 750.000 / pax,"Meeting point di Cawang Dewi Sartika (Sebrang Panasonic) , Jakarta
Pukul 19.00 WIB
Hari Pertama
19.00 : Peserta berkumpul di meeting point
20.00 : Perjalanan Jakarta menuju Gunung Prau
Hari kedua
07.00 Tiba di rumah singgah
07.30 : Bersih-bersih, istirahat dan sarapan
09.30 : Prepare pendakian Gunung Prau dan briefing
11.00 : Pendakian menuju Gunung Prau (Via Dwarawati)
16.00 : Tiba di puncak gunung Prau, hunting foto sunset dan pembagian tenda
18.30 : Makan malam bersama dan acara bebas
Hari ketiga
04.00 : Bangun,persiapan menikmati sunrise dan hunting foto
05.00 : Menikmati “Golden Sunrise” Maha Prau
06.00 : Hunting spot puncak seribu bukit & taman teletubies
07.30 : Sarapan , bersih-bersih, packing dan persiapan turun gunung
09.00 : Perjalanan turun gunung
11.30 : Tiba di rumah singgah, bersih-bersih dan perjalanan menuju Jakarta
23.00 : Tiba di Jakarta dan trip selesai
NB: Jadwal OPEN TRIP tidak terikat; itinerary yang tertulis dapat berubah sewaktu-waktu serta menyesuaikan situasi dan kondisi di lapangan","

Transportasi AC PP
Tenda
Makan 3x
Air mineral
Kopi dan teh
Peralatan Camping
Matras & Sleeping Bag
Retribusi wisata
Dokumentasi
Tour Guide
Tour Leader
Asuransi pendakian Gunung Prau

EXCLUDE

Kebutuhan & obat-obatan pribadi
Tip guide dan crew

","

Kebutuhan & obat-obatan pribadi
Tip guide dan crew

"
Open Trip Dieng 3D,https://www.tripsantai.com/tour/open-trip-dieng-3d,Open Trip,Wonosobo,3 Hari,Rp 700.000 / pax,"Meeting point di Cawang Dewi Sartika (Sebrang Panasonic) , Jakarta
Pukul 19.00 WIB
Hari Pertama
19.00 : Peserta berkumpul di meeting point
20.00 : Perjalanan menuju Dieng
Hari Kedua
08.00 : Tiba di Dieng, sarapan, dan perjalanan menuju Tuk Bimalukar
09.00 : Tiba, explore dan hunting foto di Tuk Bimalukar
10.00 : Tiba, explore dan huting foto di Dieng Plateu Theater dan Batu Ratapan Angin.
11.30 : Check in Homestay, istirahat dan makan siang
14.30 : Perjalanan menuju Kawah Sikidang
15.00 : Tiba, explore dan hunting foto di Kawah Sikidang
16.00 : Perjalanan menuju Candi Arjuna
16.30 : Tiba, explore dan hunting foto di Candi Arjuna dan menikmati sunset
17.30 : Perjalanan menuju tempat oleh-oleh dan wisata belanja
18.30 : Perjalanan kembali ke Homestay
19.00 : Makan malam dan brifing Sunrise
19.30 : Acara Bebas dan Istirahat
Hari Ketiga
02.00 : Bangun pagi dan persiapan sunrise ke Bukit Sikunir
03.00 : Perjalanan menuju Bukit Sikunir
03.30 : Tiba di kawasan dan pengarahan untuk nanjak ke Bukit Sikunir
04.00 : Hunting foto, menikmati golden sunrise; negeri diatas awan
06.00 : Turun ke bawah & nikmatin jajanan Dieng
06.30 : Kembali ke penginapan untuk sarapan pagi dan persiapan untuk check out
08.00 : Tiba di Homestay, sarapan dan persiapan check out
10.00 : Check out dan perjalanan menuju Jakarta
22.00 : Tiba di Jakarta dan trip selesai
NB: Jadwal OPEN TRIP tidak terikat; itinerary yang tertulis dapat berubah sewaktu-waktu serta menyesuaikan situasi dan kondisi di lapangan","

Transportasi AC PP
Driver, Tol, Parking
Homestay
Makan 4x
Air mineral
kopi dan teh
Tiket wisata
Perijinan wisata
Dokumentasi
Tour Leader

EXCLUDE

Kebutuhan & obat-obatan pribadi
Tip guide dan crew

","

Kebutuhan & obat-obatan pribadi
Tip guide dan crew

"
Open Trip Pulau Pramuka 2D,https://www.tripsantai.com/tour/open-trip-pulau-pramuka-2d,Open Trip,Kepulauan Seribu,4 Hari,Rp 420.000 / pax,"Pelabuhan Kali Adem-Muara Angke, Jakarta
Pukul 06.00 WIB
Hari Pertama
06.00 : Peserta berkumpul di Pelabuhan Kali Adem,Muara Angke
07.00 : Perjalanan ke Pulau Pramuka
11.00 : Tiba di Pulau Pramuka, chek-in Homestay; istirahat, acara bebas
13.00 : Snorkeling di spot Soft Coral, wisata ke Pulau Air, Pulau Gosong Patrick dan sunset di Pulau Semak Daun
17.30 : Kembali ke Pulau Pramuka untuk mandi & bersih-bersih
19.00 : Makan malam dan Barbeque Ikan Bakar (seafood) acara bebas
Hari Kedua
05.30 : Sunrise di Pulau Pramuka
06.30 : Sarapan pagi
07.30 : Explore Taman Nasional dan Penangkaran Penyu
10.00 : Mandi dan Packing untuk persiapan pulang ke Jakarta
12.00 : Perjalanan ke Pelabuhan Kali Adem, Muara Angke
NB: Jadwal OPEN TRIP tidak terikat; itinerary yang tertulis dapat berubah sewaktu-waktu serta menyesuaikan situasi dan kondisi di lapangan","

Kapal Feri PP Pelabuhan Kaliadem – Pulau Pramuka
Asuransi penyebrangan
Homestay AC
Makan 3x
Barbeque
Air mineral
Kapal penjelajah pulau
Alat Snorkeling
Pelampung
Dokumentasi
Tour Guide

EXCLUDE

Tiket Taman nasional dan Penangkaran Penyu
Kebutuhan dan obat-obatan pribadi
Tip guide dan crew

","

Tiket Taman nasional dan Penangkaran Penyu
Kebutuhan dan obat-obatan pribadi
Tip guide dan crew

"
Open Trip Pulau Harapan 2D,https://www.tripsantai.com/tour/open-trip-pulau-harapan-2d,Open Trip,Kepulauan Seribu,2 Hari,Rp 420.000 / pax,"Pelabuhan Kali Adem-Muara Angke, Jakarta
Pukul 06.00 WIB
Hari Pertama
06.00 : Peserta berkumpul di Pelabuhan Kali Adem,Muara Angke
07.00 : Perjalanan ke Pulau Harapan
11.00 : Tiba di Pulau Harapan, chek-in Homestay; istirahat, makan siang, acara bebas
13.00 : Snorkeling di Pulau Macan atau pulau putri atau bira, wisata ke pulau Dolphin, sunset di pulau Bulat
17.00 : Kembali ke Pulau Harapan untuk mandi dan bersih-bersih
19.00 : Makan malam dan bakar ikan cara bebas
Hari Kedua
05.30 : Menikmati Sunrise di Pulau Harapan
07.00 : Mandi, coffee break, packing untuk persiapan kembali ke Jakarta
08.00: Check out homestay
09.00 : Explore Taman Mangrove & Penangkaran Penyu
10.30 : Tiba di dermaga Pulau Harapan
11.30 : Perjalanan ke Pelabuhan Kali Adem, Muara Angke
NB: Jadwal OPEN TRIP tidak terikat; itinerary yang tertulis dapat berubah sewaktu-waktu serta menyesuaikan situasi dan kondisi di lapangan

","

Kapal Feri PP Pelabuhan Kaliadem – Pulau Harapan
Asuransi penyebrangan
Homestay AC
Makan 3x
Barbeque
Air mineral
Kapal penjelajah pulau
Alat Snorkeling
Pelampung
Dokumentasi
Tour Guide

EXCLUDE

Tiket Penangkaran Penyu
Kebutuhan dan obat-obatan pribadi
Tip guide dan crew


","

Tiket Penangkaran Penyu
Kebutuhan dan obat-obatan pribadi
Tip guide dan crew


"
Open Trip Ujung Genteng,https://www.tripsantai.com/tour/open-trip-ujung-genteng,Open Trip,Sukabumi,2 Hari,Rp 350.000 / pax,"Hari Pertama
22.00 : Meeting point
23.00 : Perjalanan menuju Curug Cikaso
Hari Kedua
06.00 : Tiba di area Curug Cikaso
07.00 : Perjalanan menuju Curug Cikaso menggunakan perahu
07.15 : Tiba di Curug Cikaso, Explore dan hunting foto
09.30 : Perjalanan menuju Pantai Karang Gantungan
10.00 : Tiba di Pantai Karang Gantungan, Explore Pantai Karang Gantungan dan hunting foto
12.00: Perjalanan menuju Penangkaran Penyu
12.30 : Tiba di Penangkaran Penyu, Explore Penangkaran Penyu dan hunting foto
14.30 : Perjalanan menuju Pantai Ujung Genteng
15.00 : Tiba di Pantai Ujung Genteng & Explore Pantai Ujung Genteng
17.00 : Perjalanan ke tempat oleh-oleh
18.00 : Tiba di tempat oleh – oleh
19.00 : Perjalanan kembali menuju meeting point
23.00 : Tiba di meeting point & trip selesai
NB: Jadwal OPEN TRIP tidak terikat; itinerary yang tertulis dapat berubah sewaktu-waktu serta menyesuaikan situasi dan kondisi di lapangan","

Transportasi AC PP
Driver
Tol
Parkir
Tiket Curug Cikaso
Tiket Pantai Ujung Genteng
Tiket Pantai Karang Gantungan
Penangkaran Penyu
Dokumentasi
Tour Leader
P3K

EXCLUDE

Makan dan pengeluaran pribadi
Kebutuhan & obat-obatan pribadi
Tip guide dan crew

","

Makan dan pengeluaran pribadi
Kebutuhan & obat-obatan pribadi
Tip guide dan crew

"
Open Trip Baduy,https://www.tripsantai.com/tour/open-trip-baduy,Open Trip,Banten,2 Hari,Rp 320.000 / pax,"Stasiun Tanah Abang
Pukul : 07.00
Hari Pertama
06.00 : Meeting Point di stasiun Tanah Abang
06.30 : Perjalanan menuju Stasiun Rangkasbitung mengunakan kereta commuterline
09.00 : Perjalanan menuju desa Ciboleger via Elf
11.00 : Istrahat dan Makan siang (Exclude)
12.00: Perjalanan menuju Baduy dalam dengan tracking Ciboleger-Baduy Luar- Baduy Dalam
16.00: Tiba di Homestay, bersih-bersih dan explore desa
19.00 : Makan malam dan makrab bersama penghuni rumah Baduy
Hari Kedua
05.00 : Menikmati sunrise di desa Baduy Dalam
06.00 : Sarapan dan membeli oleh- oleh
07.00 : Explore desa Baduy dalam ke Ciboleger via Jembatan akar
09.00 : Perjalanan menuju Ciboleger
11.30 : Perjalanan menuju Stasiun Rangkasbitung dengan elf
13.00 : Istirahat
14.00 : Tiba di meeting point & trip selesai
NB: Jadwal OPEN TRIP tidak terikat; itinerary yang tertulis dapat berubah sewaktu-waktu serta menyesuaikan situasi dan kondisi di lapangan","

Transportasi Lokal PP
Makan 2x
Dokumentasi
Homestay Lokal
Tiket wisata
Tour guide

EXCLUDE

Kebutuhan & obat-obatan pribadi
Tip guide dan crew

","

Kebutuhan & obat-obatan pribadi
Tip guide dan crew

"
Open Trip Bromo Sunrise,https://www.tripsantai.com/tour/open-trip-bromo-sunrise,Open Trip,Malang,1 Hari,Rp 300.000 / pax,"23.30 - 04.00 Penjemputan dari hotel di malang
04.00 Tiba di Sunrise View Point
04.30 Istirahat sejenak sambil menikmati secangkir kopi menunggu matahari terbit
05.00 - 06.00 Menikmati keindahan matahari terbit di Bromo
06.00 - 06.30 Menuju kawah Gunung Bromo
06.30 - 08.00 Mendaki Gunung Bromo
08.00 - 08.30 Mengunjungi Laut Pasir Bromo
08.30 - 09.00 Sarapan di RM Lokal
09.00 - 13.00 Perjalanan kembali ke titik penjemputan (Surabaya atau Malang)","

Transportasi AC
Driver
Snack
air mineral 1 botol per orang
Tol
Parkir
Tiket masuk wisata
P3K

EXCLUDE

Sarapan
Pengeluaran pribadi
Kebutuhan & obat-obatan pribadi
Tip guide dan crew

","

Sarapan
Pengeluaran pribadi
Kebutuhan & obat-obatan pribadi
Tip guide dan crew

"
Open Trip Pangalengan,https://www.tripsantai.com/tour/open-trip-pangalengan,Open Trip,Bandung,1 Hari,Rp 400.000 / pax,"04.00 : Meeting point
05.00 : Perjalanan menuju Pangalengan
09.00 : Tiba di Situ Cileunca, persiapan Rafting
09.30 : Time to Rafting
11.30 : Makan Siang & persiapan menuju Nimo Highland
13.30 : Tiba di Nimo Highland, Explore dan hunting Foto
15.00 : Perjalanan menuju tempat oleh – oleh
16.30 : Perjalanan menuju tempat meeting point
21.00: Tiba di meeting point & trip selsai
NB: Jadwal OPEN TRIP tidak terikat; itinerary yang tertulis dapat berubah sewaktu-waktu serta menyesuaikan situasi dan kondisi di lapangan","

Transportasi AC
Driver
Makan Siang
Tol
Parkir
Tiket masuk wisata
Tiket Rafting Pangalengan
Dokumentasi
Tour Leader
P3K

EXCLUDE

Pengeluaran pribadi
Kebutuhan & obat-obatan pribadi
Tip guide dan crew

","

Pengeluaran pribadi
Kebutuhan & obat-obatan pribadi
Tip guide dan crew

"
Open Trip Majalengka,https://www.tripsantai.com/tour/open-trip-majalengka-1-hari,Open Trip,Majalengka,1 Hari,Rp 300.000 / pax,"02.30-05.30: Meeting point
06.00 : Perjalanan menuju Majalengka
09.30 : Tiba di Telaga Biru Cicerem, Explore dan hunting Foto
11.00 : Perjalanan menuju Curug Cipeteuy
12.00 : Tiba di Curug Cipeteuy
12.30 : Makan Siang
13.00 : Explore dan hunting foto
15.00 : Perjalanan menuju Ciboer Pass
15.30 : Tiba di Ciboer Pass, Explore dan hunting foto
17.30 : Perjalanan menuju tempat oleh -oleh
20.00 : Pejalanan menuju meeting point
23.00 : Tiba di meeting point & trip selesai
NB: Jadwal OPEN TRIP tidak terikat; itinerary yang tertulis dapat berubah sewaktu-waktu serta menyesuaikan situasi dan kondisi di lapangan","

Transportasi AC PP
Driver
Tol
Parkir
Dokumentasi
Tiket Telaga Biru Cicerem
Tiket Curug Cipeteuy
Tiket Ciboer Pass
Tour Leader
P3K

EXCLUDE

Makan dan pengeluaran pribadi
Kebutuhan & obat-obatan pribadi
Tip guide dan crew

","

Makan dan pengeluaran pribadi
Kebutuhan & obat-obatan pribadi
Tip guide dan crew

"
Open Trip Geopark Ciletuh,https://www.tripsantai.com/tour/open-trip-geopark-ciletuh-1-hari,Open Trip,Sukabumi,1 Hari,Rp 280.000 / pax,"02.30 – 05.30 : Meeting point
05.40 : Perjalaan menuju Geopark Cileteuh, Sukabumi
10.00 : Tiba di Puncak Darma istirahat dan foto-foto
10.30 : Perjalanan menuju Curug Cimarinjung
11.00 : Explore Curug Cimarinjung
12.00 : Perjalanan menuju Curug Cikanteh dan Sodong
12.30 : Sampai dan explore Curug Sodong dan Cikanteh dan makan siang
13.30 : Explore Curug Sodong dan Cikanteh
15.30 : Perjalanan menuju Pantai Palampang
15.45 : Sampai di pantai dan foto-foto
17.30 : Perjalanan menuju tempat oleh – oleh
20.00 : Perjalanan menuju meeting point
23.00 : Tiba di meeting point & trip selesai
NB: Jadwal OPEN TRIP tidak terikat; itinerary yang tertulis dapat berubah sewaktu-waktu serta menyesuaikan situasi dan kondisi di lapangan","

Transportasi AC PP
Driver
Tol
Parkir
Tiket Puncak Darma
Tiket Cimarinjung
Tiket Curug Cikanteh dan Sodong
Tiket Pantai Palampang
Dokumentasi
Tour Leader
P3K

EXCLUDE

Makan dan pengeluaran pribadi
Kebutuhan & obat-obatan pribadi
Tip guide dan crew

","

Makan dan pengeluaran pribadi
Kebutuhan & obat-obatan pribadi
Tip guide dan crew

"
Open Trip Curug Citambur,https://www.tripsantai.com/tour/open-trip-curug-citambur-1-hari,Open Trip,Sukabumi,2 Hari,Rp 350.000 / pax,"Hari Pertama
22.00 : Penjemputan di Meeting point
00.00 : Perjalanan menuju Curug Citambur
Hari Kedua
05.00 : Tiba di Curug Citambur
06.00 : Explore Curug Citambur, explore dan hunting foto
10.00 : Perjalanan menuju Situs Gunung Padang
13.00 : Tiba di Situs Gunung Padang, explore dan hunting foto
15.00 : Perjalanan menuju tempat oleh-oleh
16.00 : Perjalanan menuju meeting point
20.00 : Tiba di meeting Point dan trip selesai","

Transportasi AC
Driver
Tol
Parkir
Tiket Wisata Curug Citambur
Tiket wisata Situs Gunung Padang
Dokumentasi
Tour Leader
P3K

EXCLUDE

Kebutuhan & obat-obatan pribadi
Tip guide dan crew
Meals

","

Kebutuhan & obat-obatan pribadi
Tip guide dan crew
Meals

"
Open Trip Lembah Tepus,https://www.tripsantai.com/tour/open-trip-lembah-tepus-1-hari,Open Trip,Bogor,1 Hari,Rp 280.000 / pax,,"

Transportasi AC
Driver
Tol
Parkir
Tiket Wisata Ranggon Hills
Tiket Wisata Lembah Tepus
Tiket Wisata Curug Pangeran
Dokumentasi
Tour Leader
P3K

EXCLUDE

Pengeluaran pribadi
Kebutuhan & obat-obatan pribadi
Tip guide dan crew

","

Pengeluaran pribadi
Kebutuhan & obat-obatan pribadi
Tip guide dan crew

"
Open Trip Pulau Pari 1 Hari,https://www.tripsantai.com/tour/open-trip-pulau-pari-1-hari,Open Trip,Kepulauan Seribu,1 Hari,Rp 180.000 / pax,,"
Kapal penyebrangan PP
Tiket masuk Pulau Pari
Tiket Pantai Pasir Perawan
Makan Siang
Pelampung
Dokumentasi
Tour Guide
Tour Leader
P3K
Harga Paket Tidak Termasuk
Kebutuhan & obat-obatan pribadi
Tip guide dan crew
Paket Snorkeling
 
","
Kebutuhan & obat-obatan pribadi
Tip guide dan crew
Paket Snorkeling
 
"
Open Trip Suspension Bridge Situ Gunung,https://www.tripsantai.com/tour/suspension-bridge-situ-gunung-1-hari,Open Trip,Sukabumi,1 Hari,Rp 150.000 / pax,,"

Transportasi AC
Driver
Tol
Parkir
Dokumentasi
Tour Leader
P3K

Harga Tidak Termasuk

Makan dan pengeluaran pribadi
Kebutuhan & obat-obatan pribadi
Tip guide dan crew
Tiket wisata Rp.120.000 / Orang

","

Makan dan pengeluaran pribadi
Kebutuhan & obat-obatan pribadi
Tip guide dan crew
Tiket wisata Rp.120.000 / Orang

"
Open Trip Tour Ciwidey,https://www.tripsantai.com/tour/tour-ciwidey-1-hari,Open Trip,Bandung,1 Hari,Rp 150.000 / pax,,"

Transportasi AC
Driver
Tol
Parkir
Dokumentasi
Tour Leader
P3K

Harga Tidak Termasuk

Makan dan pengeluaran pribadi
Kebutuhan & obat-obatan pribadi
Tip guide dan crew
Tiket Wisata Rp 150.000 / orang

","

Makan dan pengeluaran pribadi
Kebutuhan & obat-obatan pribadi
Tip guide dan crew
Tiket Wisata Rp 150.000 / orang

"
Rafting Cisadane 1 Hari,https://www.tripsantai.com/tour/rafting-cisadane-1-hari,Rafting,Bogor,1 Hari,"Min 50 Pax Rp 515.000 / pax
Min 40 Pax Rp 610.000 / pax
Min 35 Pax Rp 560.000 / pax
Min 30 Pax Rp 550.000 / pax
Min 13 Pax Rp 610.000 / pax
Min 5 Pax Rp 660.000 / pax","07:30 - 09:00: Perjalanan dari Jakarta ke Bogor (sekitar 1,5 jam)
09:00 - 09:30: Tiba di titik pertemuan di Sungai Cisadane, Bogor
09:30 - 10:00: Penjelasan Safety Briefing dari instruktur
10:00 - 12:00: Memulai perjalanan rafting (durasi 2 jam)
12.00 - 13.00 : ISHOMA (makan siang, menikmati es kelapa muda)
13.00 - 14.00 : Bilas-bilas dan persiapan kembali ke Jakarta
14:00 - 15:30: Perjalanan kembali ke Jakarta
15.30 : Tiba di Jakarta. Trip usai","

Transportasi sesuai jumlah peserta selama 1 hari
Driver & Co-driver
BBM, Tol, Parkir
Tour leader start meeting point
Perizinan
Tiket masuk wisata
Rafting 11 km sungai Cisadane
Perlengkapan rafting standar
Guide rafting di setiap boat
Meals 1x
Air mineral 1x
Dokumentasi kegiatan
Asuransi ACA

Harga Tidak Termasuk

Kegiatan lain (outbound, flying fox, paintball)
Pengeluaran pribadi
oleh oleh
Tipping tour leader (sukarela)

","

Kegiatan lain (outbound, flying fox, paintball)
Pengeluaran pribadi
oleh oleh
Tipping tour leader (sukarela)

"
Trekking Goa Garunggang & Le Ubud 1 Hari,https://www.tripsantai.com/tour/trekking-goa-garunggang-le-ubud-1-hari,Trekking,Sentul,1 Hari,"2-4 Pax Rp 175.000 / pax
5-9 Pax Rp 170.000 / pax
10-19 Pax Rp 165.000 / pax","06.30-07.00 : Meeting point jungleland
07.00-07.30 : Perjalanan Jungleland - parkiran trekking
07.30-08.00 : Persiapan & briefing ulang kegiatan
08.00-08.30 : Trekking Le Ubud (melewati sungai melalui jembatan)
08.30-09.00 : Menikmati suasana di Bukit Indomar
09.00-09.30 : Trekking Hutan Pinus Bukit Kecapi
09.30-10.30 : Menuju Goa Garunggang
10.30-11.30 : Menuju Areal Sungai
11.30-12.30 : Acara bebas di Kopi Tepi Sungai
12.30-13.00 : Kembali ke area parkir
13.00- : Trip Selesai
Harga Termasuk
Harga Tidak Termasuk
NOTE : transportasi maksimal adalah Hiace/ELf untuk menuju titik start trekking","

Pemandu Wisata
Trekking Pole by request
Tiket masuk wisata
Perizinan
Air mineral 600ml (min 4 Pax)
Snack 1x (min 4 pax)
Asuransi ACA
Jas hujan sekali pakai (jika diperlukan)
Dokumentasi standar
P3K Standar

Harga Tidak Termasuk

Transportasi Rumah - Meeting Point Jungleland
Transportasi Pick up Jungleland - Titik Start
Makan siang
Tipping guide
Pengeluaran pribadi

NOTE : transportasi maksimal adalah Hiace/ELf untuk menuju titik start trekking
","

Transportasi Rumah - Meeting Point Jungleland
Transportasi Pick up Jungleland - Titik Start
Makan siang
Tipping guide
Pengeluaran pribadi

NOTE : transportasi maksimal adalah Hiace/ELf untuk menuju titik start trekking
"
Trekking Leuwi Hejo,https://www.tripsantai.com/tour/trekking-leuwi-hejo-1-hari,Trekking,Sentul,1 Hari,"2-4 Pax Rp 175.000 / pax
5-9 Pax Rp 170.000 / pax
10-19 Pax Rp 165.000 / pax","Itinerary
06.30-07.00 : Meeting point jungleland
07.00-07.30 : Perjalanan Jungleland - parkiran trekking
07.30-08.00 : Persiapan & briefing ulang kegiatan
08.00-09.00 : Trekking Curug Barong (melewati areal persawahan)
09.00-10.00 : Menikmati suasana Curug Barong
10.00-10.30 : Trekking Leuwi Cipet
10.30-11.30 : Menikmati suasana Leuwi Cipet
11.30-12.00 : Trekking Leuwi Lieuk
12.00-13.30 : Menikmati suasana di Leuwi Lieuk & menyantap snack
13.30-14.00 : Menuju Leuwi Hejo
14.00-14.30 : Menikmati suasana di Leuwi Hejo
14.30-15.00 : Kembali ke area parkir trekking
Harga Termasuk
Harga Tidak Termasuk
NOTE : transportasi maksimal adalah Hiace/ELf untuk menuju titik start trekking","

Pemandu Wisata
Trekking Pole by request
Tiket masuk wisata
Perizinan
Air mineral 600ml (min 4 Pax)
Snack 1x (min 4 pax)
Asuransi ACA
Jas hujan sekali pakai (jika diperlukan)
Dokumentasi standar
P3K Standar

Harga Tidak Termasuk

Transportasi Rumah - Meeting Point Jungleland
Transportasi Pick up Jungleland - Titik Start
Makan siang
Tipping guide
Pengeluaran pribadi

NOTE : transportasi maksimal adalah Hiace/ELf untuk menuju titik start trekking
","

Transportasi Rumah - Meeting Point Jungleland
Transportasi Pick up Jungleland - Titik Start
Makan siang
Tipping guide
Pengeluaran pribadi

NOTE : transportasi maksimal adalah Hiace/ELf untuk menuju titik start trekking
"
Rafting Citarik 1 Hari,https://www.tripsantai.com/tour/rafting-citarik-1-hari,Rafting,Sukabumi,1 Hari,"41-50 Pax Rp 510.000 / pax
36-40 Pax Rp 530.000 / pax
31-35 Pax Rp 540.000 / pax
25-30 Pax Rp 550.000 / pax
10-13 Pax Rp 605.000 / pax
3-9 Pax Rp 655.000 / pax","Itinerary
06.00 - 07.00: Berangkat dari Jakarta ke Sukabumi
07.00 - 09.00: Perjalanan menuju lokasi rafting di Citarik, Sukabumi
09.00 - 10.00: Mendaftar dan menerima instruksi keselamatan serta pelatihan singkat tentang teknik rafting
10.00 - 10.30: Waktu santai, mempersiapkan diri dan berkenalan dengan tim rafting Anda
10.30 - 11.30: Waktu rafting. Menyusuri sungai Citarik, menghadapi tantangan arus sungai dan menikmati indahnya pemandangan alam Sukabumi
11.30 - 12.30: Makan siang dengan menu makanan tradisional Jawa Barat
12.30 - 14.00: Waktu santai setelah makan siang. Anda bisa berjalan-jalan di sekitar lokasi atau beristirahat
14.00 - 14.30: Persiapan pulang
14.30 - 16.30: Perjalanan kembali ke Jakarta
Harga termasuk :
Harga Tidak Termasuk :"," :

Kegiatan lain (outbound, flying fox, paintball)
Pengeluaran pribadi
oleh oleh
Tipping tour leader (sukarela)

","

Kegiatan lain (outbound, flying fox, paintball)
Pengeluaran pribadi
oleh oleh
Tipping tour leader (sukarela)

"
Glamping Pangalengan 2 Hari 1 Malam,https://www.tripsantai.com/tour/glamping-pangalengan-2-hari-1-malam,Resort,Bandung,4 Hari,"Min 48 Pax Rp 650.000 / pax
Min 40 Pax Rp 690.000 / pax
Min 36 Pax Rp 715.000 / pax
Min 28 Pax Rp 750.000 / pax
Min 12 Pax Rp 900.000 / pax
Min 4 Pax Rp 1.250.000 / pax","DAY 1 (No Meals)
08.00: Berangkat dari Jakarta menuju Pangalengan, Bandung
11.00: Tiba di lokasi glamping di Pangalengan
11.00 - 11.30: Check-in dan penyesuaian di akomodasi glamping
11.30 - 13.00: Bersantai dan menikmati suasana alam sekitar
13.00 - 14.00: Makan siang di area glamping
14.00 - 17.00: Aktivitas bebas, seperti jalan-jalan santai, menikmati alam, berfoto, atau berinteraksi dengan sesama peserta glamping
17.00 - 18.30: Sesuaikan diri dengan suasana alam, berinteraksi dengan sesama peserta, dan menikmati waktu bersantai
18.30 - 20.00: Makan malam di area glamping
20.00 - 22.00: Bersantai, mengobrol, dan menikmati suasana malam di bawah bintang
DAY 2 (Sarapan)
07.00 - 08.00: Sarapan pagi yang disediakan di area glamping
08.00 - 11.00: Aktivitas bebas, seperti jalan-jalan santai, menikmati alam, berfoto, atau bersantai di sekitar area glamping
11.00 - 12.00: Check-out dan persiapan untuk kembali ke Jakarta
12.00 - 13.00: Perjalanan kembali ke Jakarta"," :

Transportasi sesuai jumlah peserta selama 2 hari
Driver & Co-driver
BBM, Tol, Parkir
Tour leader start meeting point
Perizinan
Tiket masuk wisata
Akomodasi Glamping isi 4 orang selama 1 malam
Perlengkapan personal selama glamping (kasur, bantal, selimut)
Fasilitas Glamping (colokan listrik& lampu penerangan)
Dispenser, gazebo, toilet
Kayu Bakar
Meals 1x
Air mineral 2x

Harga Tidak Termasuk :

Pengeluaran pribadi
Oleh-oleh
Makan siang & makan malam (biaya per meals @35K)
Kegiatan outdoor seperti rafting, paintball, dan kunjungan ke destinasi wisata di pangalengan

","

Pengeluaran pribadi
Oleh-oleh
Makan siang & makan malam (biaya per meals @35K)
Kegiatan outdoor seperti rafting, paintball, dan kunjungan ke destinasi wisata di pangalengan

"
Rafting Pangalengan 1 Hari,https://www.tripsantai.com/tour/rafting-pangalengan-1-hari,Rafting,Bandung,1 Hari,"min 50 Pax Rp 440.000 / pax
min 40 Pax Rp 460.000 / pax
min 35 Pax Rp 475.000 / pax
min 30 Pax Rp 480.000 / pax
min 13 Pax Rp 600.000 / pax
min 5 Pax Rp 625.000 / pax",," :

Pengeluaran pribadi
oleh oleh
Tipping tour leader (sukarela)

","

Pengeluaran pribadi
oleh oleh
Tipping tour leader (sukarela)

"
Pulau Macan Resort 2H1M,https://www.tripsantai.com/tour/pulau-macan,Resort,Kepulauan Seribu,2 Hari,"Tropical Bamboo Rp 2.200.000 / pax
Red Brick Cabin Rp 2.200.000 / pax
Zen Hut Rp 2.560.000 / pax
Island Hut Rp 2.560.000 / pax
Coral Hut Rp 2.730.000 / pax
Sunset Hut Rp 2.730.000 / pax","Itinerary : 
DAY 1
07.30 : Check in boat (dermaga 16)
08.00-09.00 : Keberangkatan menuju Pulau Macan (dermaga 16/17)
10.00-11.00 : Estimasi tiba di Pulau Macan
11.00-12.00 : Safety briefing oleh Team Pulau Macan
12.00-13.00 : Welcoming snack & FREE TIME
13.00-15.00 : Makan siang & Check in
15.00-16.30 : FREE TIME / optional tour (kapasitas max 20 PAX)
16.30-17.00 : Snack time
17.00-18.00 : Sunset time
18.00-19.00 : Bersih-bersih
19.00-20.30 : Makan malam
20.30- : FREE TIME / Istirahat
 DAY 2
08.00-10.00 : Rileks & Breakfast
10.00-13.00 : FREE TIME & check out
13.00-14.00 : Makan siang
14.00-14.30 : Kepulangan menuju Marina Pier
16.00- : Estimasi tiba di Marina. Tour selesai
Harga Termasuk :"," :

Speedboat Reguler dari Marina Ancol - Pulau Macan (PP) 
Makan (Welcome snack, Sarapan, Makan siang, Snack sore, Makan malam)
Minum (Susu & juice jam 08.00-12.00; Kopi, teh, jahe, air aqua jam 08.00-20.00)
Akomodasi
Snorkeling Trip (tergantung cuaca)
Bebas menggunakan fasilitas di pulau seperti peralatan snorkeling, kayak, meja billiard dll. 
Pajak 10% dan service 5%

Note :

Speedboat Reguler berhenti di beberapa pulau sebelum P. Macan
Harga dapat berubah sewaktu-waktu tanpa pemberitahuan sebelumnya
Harga belum termasuk High Season Surcharge untuk Idul Fitri, Natal dan tahun Baru 
Fasilitas kamar Non AC, No TV, Mineral Water, Fan, Kelambu (Mosquito Net)

","

Speedboat Reguler berhenti di beberapa pulau sebelum P. Macan
Harga dapat berubah sewaktu-waktu tanpa pemberitahuan sebelumnya
Harga belum termasuk High Season Surcharge untuk Idul Fitri, Natal dan tahun Baru 
Fasilitas kamar Non AC, No TV, Mineral Water, Fan, Kelambu (Mosquito Net)

"
Open Trip Krakatau,https://www.tripsantai.com/tour/open-trip-krakatau,Open Trip,Lampung,3 Hari,Rp 395.000 / pax,"Itinerary
Hari 1
19.30-20.00 meeting point lobby utara plaza semanggi (start jakarta)
20.00-23.00 perjalana ke merak dengan elf
23.00: Meeting point di Dunkin Donut Pelabuhan Merak, briefing dan berkenalan dengan teman-teman seperjalanan
23.30 – 3.00: Penyeberangan menuju Pelabuhan Bakauheni
Hari 2
4.00 – 5.30: Perjalanan menuju Dermaga Canti
6.00 – 7.00: Pembagian alat snorkling dan briefing
7.00 – 11.00: Wisata dan hunting foto di Pulau Sebuku Kecil yang memiliki pasir putih, snorkling dan hunting foto underwater di sekitar Pulau Sebuku Besar
12.00 – 14.00: Check in homestay di Pulau Sabesi dan makan siang
15.00 – 18.00: Snorkling dan hunting foto underwater di sekitar Pulau Sabesi, hunting sunset dan foto di Pulau Umang-umang dengan pasir putih, pantai yang landai dan gelombang yang tenang untuk berenang
19.00 – 21.00: Makan malam, briefing acara esok hari dan makrab dengan teman-teman seperjalanan
Hari 3
4.00 – 5.00: Penyeberangan menuju Gunung Anak Krakatau
5.30 – 10.00: Trekking melewati hutan cemara ke puncak Gunung Anak Krakatau dan menikmati sunrise dengan pemandangan laut dari puncak gunung, sarapan, snorkling dan hunting foto underwater di Legon Cabe
10.00 – 11.30: Penyeberangan menuju Pulau Sabesi
12.00 – 13.00: Makan siang dan check out homestay
13.00 – 14.30: Penyeberangan menuju Dermaga Canti
15.00 – 16.30: Perjalanan menuju Pelabuhan Bakauheni dan hunting oleh-oleh khas Lampung
17.00 – 20.00: Penyeberangan menuju Pelabuhan Merak
20.30-23.00 perjalanan dr merak ke plaza semanggi (start jakarta)
Harga Termasuk :
Harga Tidak Termasuk :"," :

Homestay di Pulau Sabesi
Tiket ferry & asuransi penyeberangan Pelabuhan Merak – Pelabuhan Bakauheni PP
Kapal untuk snorkling & jelajah pulau
Angkot dari Pelabuhan Bakauheni – Dermaga Canti PP
Makan 4x (1x sarapan, 2x makan siang, 1x makan malam)
Air mineral
Pelampung selama wisata bahari
Simaksi Anak Gunung Krakatau
Tiket wisata seluruh destinasi
Tour leader
Dokumentasi underwater

Harga Tidak Termasuk :

Snorkle & kaki katak (FULL Set) : Rp. 80.000,-
Tipping guide (wajib nominal sukarela)

 
","

Snorkle & kaki katak (FULL Set) : Rp. 80.000,-
Tipping guide (wajib nominal sukarela)

 
"
Waerebo 2D1N,https://www.tripsantai.com/tour/waerebo-2d1n,Trekking,Nusa Tenggara Timur,2 Hari,Rp 1.500.000 / pax,"ITINERARY 
HARI KE 1         ( MP – MS – MM )
05.00 – 06.00    : Berkumpul di Meeting Point yang telah di tentukan ( Bandara/ Hotel di Labuan Bajo )
06.00 – 12.00    : Perjalanan menuju Desa Denge bersama para peserta Open Trip Wae Rebo.
12.00 – 13.00    : Explorasi Desa Denge dengan masyarakat lokal sambil berfoto-foto ria.
13.00 – 13.30    : Persiapan menuju Desa Waerebo yang mempesona.
13.30 – 15.00    : Tracking para peserta Open Trip Wae Rebo menuju Desa Waerebo bersama-sama.
15.00 – 15.30    : Menuju Rumah Gendang , rumah adat khas Manggarai yang berbentuk kerucut.
15.30 – 16.30    : Tiba dirumah Tamu dan santap makan serta di hidangkan Kopi asli desa Waerebo.
16.30 – 17.00    : Explore Desa Waerebo dan ditemani guide lokal yang senantiasa memberikan informasi lengakap.
17.00 – 18.00    : Berinteraksi dengan masyarakat desa waerebo dan mengenal tentang adat dari Desa Wae rebo oleh penduduk asli Wae Rebo.
18.00 – 19.00    : Berfoto-foto bersama para wisatawan open trip wae rebo.
19.00 – 20.00    : Makan malam bersama para peserta open trip Wae Rebo.
20.00 – Selesai : Acara Bebas bagi para wisatawan trip gabungan wae rebo dan Istirahat.
HARI KE 2         ( MP – MS – MM )
06.00 – 07.00    : Bangun dan  sarapan pagi bersama
07.00 – 09.30    : Beraktifitas di sekitar desa, bercengkrama dengan warga setempat.
09.30 – 11.00    : Persiapan perjalanan kembali ke Desa Denge dan singgah di Desa Cancar.
11.00 – 11.30    : Sampai didesa Denge istirahat.
11.30 – 12.00    : Makan siang bersama wisatawan open trip Wae Rebo di Desa Denge.
12.00 – 16.00    : Persiapan Perjalanan menuju Desa Cancar, melihat Spiderweb Ricefields. Atau sawah yang membentuk seperti jaring laba-laba.
15.00 – 16.00    : Sampai di lokasi explore daerah sekitar dan berfoto-foto bersama.
16.00 – 17.30    : Persiapan menuju kembali ke Labuhan Bajo yang akan kami antar ke Hotel/ Bandara.
17.30 – 21.00    : Sampai di Labuhan Bajo dan OpenTrip Wae Rebo selesai 
Harga Termasuk :
Harga Tidak Termasuk :"," :

Transportasi AC Labuhan Bajo – Desa Denge PP

Penginapan di Desa Waerebo

Makan 6 Kali Selama tour

Kopi Tradisional Wae Rebo

Sumbangan per Grup Ritual Adat Waelu’u

Air mineral selama tour

Tour Leader/ Guide

Foto Dokumentasi Peserta

Perizinan Wisata

Perlengkapan P3K

Harga Tidak Termasuk :

Pengeluaran Pribadi

Tiket Pesawat PP

Tipping Guide/ Leader

Hotel Menginap 1 Malam sebelum keberangkatan

","

Pengeluaran Pribadi

Tiket Pesawat PP

Tipping Guide/ Leader

Hotel Menginap 1 Malam sebelum keberangkatan

"
Private Pulau Sangiang 1D,https://www.tripsantai.com/tour/paket-wisata-pulau-sangiang-satu-hari-open-trip,Snorkeling,Banten,1 Hari,"Min 40 Pax Rp 370.000 / pax
Min 35 Pax Rp 325.000 / pax
Min 30 Pax Rp 345.000 / pax
Min 25 Pax Rp 370.000 / pax
Min 20 Pax Rp 320.000 / pax
Min 15 Pax Rp 350.000 / pax
Min 10 Pax Rp 420.000 / pax
Min 5 Pax Rp 625.000 / pax","07.00: Meeting point di Pelabuhan Paku
07.00-07.30: Perkenalan dengan Tour Leader dan peserta trip
07.30-08.30: Perjalanan menuju Pulau Sangiang
08.30-11.30: Aktivitas snorkeling di Spot Snorkeling Lagoon Waru & Lagoon Bajo
11.30-12.00: Memasuki desa melalui Hutan Mangrove Pulau Sangiang
12.00-13.00: Makan siang
13.00-16.00: Wisata trekking di Pulau Sangiang, mengunjungi beberapa lokasi ikonik seperti Goa Kelelawar, Puncak Begal, Goa Saung Tungku, Puncak Harapan, dan berakhir di Pantai Pasir Panjang
16.00-16.30: Kembali ke Dermaga Sangiang
16.30-17.30: Persiapan kembali ke Pelabuhan Paku
Trip selesai. Sampai jumpa di trip selanjutnya","

Retribusi Pulau Sangiang

Kapal kayu pelabuhan paku – pulau sangiang PP

Wisata coral reef 2-3 spot

Wisata Trekking (goa kelelawar, goa saung tungku, bukit begal & puncak harapan, pantai pasir panjang – sunset)

Makan 1x

Tour leader

Local Guide

EXCLUDE 

Transportasi menuju METPO
Sarapan pagi hari ke-1
Mask-snorkel-fins IDR 50,000 (1 hari)
Tipping guide (sukarela)

"," 

Transportasi menuju METPO
Sarapan pagi hari ke-1
Mask-snorkel-fins IDR 50,000 (1 hari)
Tipping guide (sukarela)

"
Private Pulau Pahawang,https://www.tripsantai.com/tour/pulau-pahawang-3d1n,Snorkeling,Lampung,3 Hari,Rp 480.000 / pax,," :

Tiket kapal Ferry PP Merak <> Bakauheni PP
Transportasi APV/Avanza/L300 Bakauheni – Ketapang PP
Meals 4x
BBQ 1x
Sewa kapal kayu 2 hari Explore Pulau
Homestay NON AC (Open Trip/Private Backpacker)/Rumah Apung/Villa Tj Putus (Private)
Lokal Guide
Trip Leader

BONUS : DOKUMENTASI 
Harga Tidak Termasuk :

Transportasi menuju METPO
Alat snorkeling IDR 80,000/set (mask, fins, snorkel)
Tipping guide (sukarela)

","

Transportasi menuju METPO
Alat snorkeling IDR 80,000/set (mask, fins, snorkel)
Tipping guide (sukarela)

"
Private Pahawang Kiluan 3D2N,https://www.tripsantai.com/tour/pahawang-kiluan-3d2n,Snorkeling,Lampung,3 Hari,Rp 750.000 / pax,," :

Tiket Kapal Merak - Bakauheni PP
Transportasi  Bakauheni - Ketapang - Teluk Kiluan PP
Jukung Tradisional u/ Dolphin Watching
Kapal Hoping Island Pahawang
Meals 5x
Tiket masuk wisata
Homestay NON AC tepi pantai Pulau Kelapa
Lokal Guide
Trip Leader

BONUS : DOKUMENTASI & SEWA ALAT SNORKELING
Harga Tidak Termasuk :

Transportasi menuju METPO
Upgrade KELAS di KAPAL MERAK - BAKAUHENI (IDR 10,000-15,000 PER ORANG PER ONEWAY)
Tipping tour leader (standar tipping IDR 20,000 PER ORANG PER HARI)

","

Transportasi menuju METPO
Upgrade KELAS di KAPAL MERAK - BAKAUHENI (IDR 10,000-15,000 PER ORANG PER ONEWAY)
Tipping tour leader (standar tipping IDR 20,000 PER ORANG PER HARI)

"
Tanjung Puting Kalimantan Timur,https://www.tripsantai.com/tour/paket-tanjung-puting-orang-utan,Trekking,Kalimantan,3 Hari,Rp 2.250.000 / pax,"Itinerary
HARI KE 1          ( MS – MM )
10.00 – 11.00    : Meeting Point Bandara Pangkalan Bun dan Bertemu Dengan Team Trip Santai
11.00 – 11.30    : Perjalanan peserta Open Trip Tanjung Puting menuju Dermaga Kumai
11.00 – 12.00    : Perjalanan menyusuri Sungai Sekonyer menggunakan Klotok (Kapal Traditional Kalimantan).
12.00 – 13.00    : Makan siang bersama di atas Klotok yang sedang bergerak menyusuri Sungai Sekoyer dengan suasana dan sensasi yang berbeda.
13.00 – 15.00    : Tiba di Dermaga Camp Tanjung Harapan untuk melihata orang utan di habitat asliya.
15.00 – 15.30    : Tracking menuju Camp Tanjung Harapan.
15.30 – 17.00    : Mengamati/ melihat kehidupan Orang Utan di Camp Tanjung Harapan dan photostop.
17.00 – 17.30    : Tracking Kembali Ke Klotok Untuk Bersiap Siap Untuk Bermalam Di Klotok.
17.30 – 18.30    : Para peserta open trip tanjung puting beristirahat dan bersih-bersih.
18.30 – 19.30    : Makan malam bersama di atas Klotok sembari menikmati suasana malam di Hutan Kalimantan.
19.30 – Selesai : Acara bebas dan istirahat.
HARI KE 2          ( MP – MS – MM )
06.00 – 07.00    : Bangun dan sarapan pagi bersama di atas Klotok.
07.00 – 09.00    : Perjalanan kembali di lanjutkan menuju ke Pondok Tanggui.
09.00 – 10.00    : Tiba di Pondok Tanggui di mana kita dapat melihat pemberian makan Orang Utan oleh ranger pada pagi hari.
10.00 – 12.00    : Perjalanan menuju ke Camp Leakey bersama – sama perserta open trip tanjung puting.
12.00 – 13.00    : Tiba di Camp Leakey untuk melihat pemberian makan Orang Utan oleh ranger pada siang hari, peserta juga dapat singgah ke pusat informasi dimana pusat informasi tersebut berisi informasi tentang Orang Utan.
13.00 – 17.00    : Perjalan di lanjutkan menuju ke area hutan nipah untuk menginap dan makan malam di sana.
17.00 – 18.00    : Tiba di area Hutan Nipah peserta bersih bersih dan istirahat.
18.00 – 19.00    : Makan malam bersama di atas Kelotok sembari ditemani kerlap kerlip cahaya kunang kunang.
19.00 – Selesai : Acara bebas dan istirahat.
HARI KE 3          ( MP )
05.00 – 06.00    : Bangun dan sarapan pagi bersama di atas Klotok.
06.00 – 08.00    : Perjalan menuju ke Dermaga Kumai.
08.00 – 09.00    : Tiba di Dermaga Kumai dan peserta akan di antar ke Bandara Ataupun Hotel, dan Tour pun selesai
Harga Termasuk :
Harga Tidak Termasuk :
*****
Highlight Destination :
Jadwal Penerbangan yang kami sarankan :
Kedatangan  : ( CKG – PKN )                           Kepulangan  : ( PKN – CGK )
Trigana Air – 09.25                                           Kalstar – 09.55
Batik & Wings Air  – 05.40                               Trigana Air & Lion  – 11.05"," :

Transport Ac Bandara Bun – Pelabuhan Kumai (PP)

Kapal Open Deck ( Klotok Boat )

Makan 6 Kali selama Tour

Coffee Break

Soft Drink

Air Mineral selama Tour

Klotok dan Crew Berlisensi

Koki Klotok Handal

Perlengkapan tidur seperti Kasur, Bantal dan Kelambu

Tiket Masuk Taman Nasional

Guide berbahasa Inggris/ Indonesia

Perijinan Wisata

Foto Dokumentasi selama wisata

Perlengkapan P3K

Harga Tidak Termasuk :

Pengeluaran Pribadi
Tiket Pesawat PP ( Reservasi dapat kami bantu )
Tipping Crew Klotok dan Ranger
Tipping Tour Leader/ Guide

*****
Highlight Destination :
 

Sungai Sekonyer “Adalah sungai yang di aliri oleh air berwarna hitam yang di karenakan tanaman Gambut. Sepanjang sungai ini wisatawan dapat menyaksikan panorama keindahan alam yang luar biasa indahnya.”
Tanjung Harapan “Tanjung harapan adalah stasiun pertama yang dijadikan sebagai lokasi rehabilitasi orang utan. Tempat ini berada di hutan sekunder dan hutan rawa yang dilengkapi dengan wisma tamu, pusat informasi dan jalan trail. Cocok sekali untuk Anda yang menyukai suasana asri hutan.”
Pondok Tanggui “Lokasi dimana para wisatawan dapat melihat langsung aktivitas orang utan di habitat aslinya tanpa harus menganggunya lewat kontak langsung.”
Camp Leakey “Camp Leakey berada di hutan primer dan dijadikan sebagai tempat perawatan beberapa orangutan dari yang baru dilahirkan sampai usia tiga tahun.”
Hutan Nipah “Lokasi dimana para wisatawan dapat menghabiskan waktu malam dengan gemerlap kelip kunang-kunang pada malam hari.”

CATATAN Tanjung Puting Kalimantan :

Additional Charge / Tambahan Biaya sebesar Rp.250.000,-/Orang untuk High Season ( Libur Lebaran, Natal dan Tahun Baru )

Harga tidak berlaku untuk WNA dan tambahan biaya Rp.500.000,-/Orang ( Price Not Valid for Foreigner and Add Charge IDR 500.000,-/Person )

Pendaftaran OPEN TRIP terbuka untuk umum.

Para Wisatawan menginap di Kapal Klotok ( Open Deck ) dengan fasilitas di antaranya, Bed, Kelambu, Meja Makan, Open Deck, Toilet

Tidak ada listrik selama di Kapal

Peserta di Anjurkan mengambil penerbangan keberangkatan sebelum pukul 11:00 di Bandara

Jadwal kepulangan hari ke-tiga di tentukan oleh masing-masing peserta

Jadwal Penerbangan yang kami sarankan :
Kedatangan  : ( CKG – PKN )                           Kepulangan  : ( PKN – CGK )
Trigana Air – 09.25                                           Kalstar – 09.55
Batik & Wings Air  – 05.40                               Trigana Air & Lion  – 11.05
","

Pengeluaran Pribadi
Tiket Pesawat PP ( Reservasi dapat kami bantu )
Tipping Crew Klotok dan Ranger
Tipping Tour Leader/ Guide

*****
Highlight Destination :
 

Sungai Sekonyer “Adalah sungai yang di aliri oleh air berwarna hitam yang di karenakan tanaman Gambut. Sepanjang sungai ini wisatawan dapat menyaksikan panorama keindahan alam yang luar biasa indahnya.”
Tanjung Harapan “Tanjung harapan adalah stasiun pertama yang dijadikan sebagai lokasi rehabilitasi orang utan. Tempat ini berada di hutan sekunder dan hutan rawa yang dilengkapi dengan wisma tamu, pusat informasi dan jalan trail. Cocok sekali untuk Anda yang menyukai suasana asri hutan.”
Pondok Tanggui “Lokasi dimana para wisatawan dapat melihat langsung aktivitas orang utan di habitat aslinya tanpa harus menganggunya lewat kontak langsung.”
Camp Leakey “Camp Leakey berada di hutan primer dan dijadikan sebagai tempat perawatan beberapa orangutan dari yang baru dilahirkan sampai usia tiga tahun.”
Hutan Nipah “Lokasi dimana para wisatawan dapat menghabiskan waktu malam dengan gemerlap kelip kunang-kunang pada malam hari.”

CATATAN Tanjung Puting Kalimantan :

Additional Charge / Tambahan Biaya sebesar Rp.250.000,-/Orang untuk High Season ( Libur Lebaran, Natal dan Tahun Baru )

Harga tidak berlaku untuk WNA dan tambahan biaya Rp.500.000,-/Orang ( Price Not Valid for Foreigner and Add Charge IDR 500.000,-/Person )

Pendaftaran OPEN TRIP terbuka untuk umum.

Para Wisatawan menginap di Kapal Klotok ( Open Deck ) dengan fasilitas di antaranya, Bed, Kelambu, Meja Makan, Open Deck, Toilet

Tidak ada listrik selama di Kapal

Peserta di Anjurkan mengambil penerbangan keberangkatan sebelum pukul 11:00 di Bandara

Jadwal kepulangan hari ke-tiga di tentukan oleh masing-masing peserta

Jadwal Penerbangan yang kami sarankan :
Kedatangan  : ( CKG – PKN )                           Kepulangan  : ( PKN – CGK )
Trigana Air – 09.25                                           Kalstar – 09.55
Batik & Wings Air  – 05.40                               Trigana Air & Lion  – 11.05
"
Private Pulau Sangiang Anyer Banten,https://www.tripsantai.com/tour/pulau-sangiang-anyer-banten,Snorkeling,Lampung,4 Hari,Rp 395.000 / pax,," :

Retribusi Pulau Sangiang
Homestay NON AC & kamar mandi luar (sharing bathroom)
Kapal kayu pelabuhan paku – pulau sangiang PP
Wisata coral reef 2-3 spot 
Wisata Trekking (goa kelelawar, goa saung tungku, bukit begal & puncak harapan, pantai pasir panjang – sunset)
Makan 3x (siang, malam hari 1 & sarapan hari 2)
Tripleader
Local Guide

BONUS : DOKUMENTASI UNDERWATER & LAMPION TERBANG
Harga Tidak Termasuk :

Transportasi menuju METPO
Sarapan pagi hari ke-1
Mask-snorkel-fins IDR 80,000 (2 hari)
Tipping guide (sukarela)

","

Transportasi menuju METPO
Sarapan pagi hari ke-1
Mask-snorkel-fins IDR 80,000 (2 hari)
Tipping guide (sukarela)

"
Ora Ambon Resort & Kakatoa Resort 4D3N,https://www.tripsantai.com/tour/ora-ambon-resort,Resort,Ambon,4 Hari,"Min 2 Pax Rp 4.650.000 / pax
Min 3 Pax Rp 3.990.000 / pax
Min 4 Pax Rp 3.280.000 / pax","Itinerary Ora Resort Ambon 
DAY 1 (MM Resort)
Setibanya di bandara ambon. Anda akan dijemput oleh team kami lalu diantar menuju Kakatoa Resort menggunakan mobil dan menyebrang ke Masohi. Makan malam di Resort dan istirahat.
DAY 2 (MP Resort, MS Resort, MM Resort)
Usai santap pagi, anda akan mengexplore 2 destinasi yaitu mata air belanda dan tebing Sawai, dilanjutkan menuju Ora Resort untuk check in. Acara santai dan istirahat
DAY 3 (MP Resort, MS Resort, MM RM Lokal)
Sarapan pagi dan santai sejenak sampai waktu makan siang dan check out. Kembali ke ambon mampir sejenak ke Patung Cristina Martatiahau untuk melihat sunset. Check in hotel 
NB: Susunan acara dapat berubah menyesuaikan kondisi alam, cuaca, jalanan, dll
Paket min 4 orang, untuk di Kakatoa Resort kondisi twin/double bed, untuk di Ora Resort 1 kamar ber-3/ber-4
Harga Termasuk :
Harga Tidak Termasuk :"," :

Transport AC dari Airport / kota Ambon (PP)
Tiket kapal ferry PP Pelabuhan Tulehu-Pelabuhan Amahai (PP)
Makan sesuai program
1 Malam di Ora Beach Eco Resort Laut 
1 malam di Kakatoa Resort
1 malam di Hotel Amaris / setaraf di kota Ambon
Tour ke Air Belanda dan snorkeling di tebing batu
Makan sesuai jadwal
Tiket masuk tempat wisata

Harga Tidak Termasuk :

Tiket Pesawat
Alat snorkeling
Asuransi
Tips pemandu / sopir seikhlasnya
Pengeluaran pribadi

","

Tiket Pesawat
Alat snorkeling
Asuransi
Tips pemandu / sopir seikhlasnya
Pengeluaran pribadi

"
